data,0-9,10-19,20-29,30-39,40-49,50-59,60-69,70-79,80-89,90+
2020-02-23T00:00:00,0.0,0.0,0.0,0.0,0.0,0.0,0.5714285714285714,1.7142857142857142,2.2857142857142856,0.5714285714285714
2020-02-24T00:00:00,0.0,0.0,0.0,0.0,0.0,0.0,0.5714285714285714,2.0,3.142857142857143,0.7142857142857143
2020-02-25T00:00:00,0.0,0.0,0.0,0.0,0.0,0.0,0.7142857142857143,2.5714285714285716,4.285714285714286,0.7142857142857143
2020-02-26T00:00:00,0.0,0.0,0.0,0.0,0.0,0.0,1.2857142857142858,3.5714285714285716,5.428571428571429,1.2857142857142858
2020-02-27T00:00:00,0.0,0.0,0.0,0.0,0.0,0.0,1.1428571428571428,4.285714285714286,7.142857142857143,1.8571428571428572
2020-02-28T00:00:00,0.0,0.0,0.0,0.0,0.0,0.14285714285714285,1.5714285714285714,6.714285714285714,9.285714285714286,3.2857142857142856
2020-02-29T00:00:00,0.0,0.0,0.0,0.0,0.0,0.2857142857142857,2.0,9.0,12.857142857142858,4.0
2020-03-01T00:00:00,0.0,0.0,0.0,0.14285714285714285,0.14285714285714285,0.42857142857142855,3.2857142857142856,11.857142857142858,17.857142857142858,4.857142857142857
2020-03-02T00:00:00,0.0,0.0,0.0,0.14285714285714285,0.2857142857142857,1.0,4.571428571428571,16.285714285714285,23.857142857142858,6.714285714285714
2020-03-03T00:00:00,0.0,0.0,0.0,0.14285714285714285,0.42857142857142855,1.4285714285714286,6.0,22.857142857142858,33.57142857142857,10.285714285714286
2020-03-04T00:00:00,0.0,0.0,0.0,0.2857142857142857,0.8571428571428571,2.5714285714285716,6.714285714285714,30.142857142857142,44.285714285714285,11.571428571428571
2020-03-05T00:00:00,0.0,0.0,0.0,0.2857142857142857,1.1428571428571428,3.2857142857142856,9.428571428571429,40.285714285714285,56.714285714285715,14.0
2020-03-06T00:00:00,0.0,0.0,0.0,0.2857142857142857,1.4285714285714286,4.285714285714286,12.0,50.714285714285715,71.57142857142857,17.285714285714285
2020-03-07T00:00:00,0.0,0.0,0.0,0.2857142857142857,1.8571428571428572,5.714285714285714,15.571428571428571,64.14285714285714,86.85714285714286,19.714285714285715
2020-03-08T00:00:00,0.0,0.0,0.0,0.2857142857142857,1.7142857142857142,6.714285714285714,18.571428571428573,76.71428571428571,102.14285714285714,22.714285714285715
2020-03-09T00:00:00,0.0,0.0,0.0,0.5714285714285714,1.5714285714285714,7.714285714285714,21.714285714285715,90.71428571428571,118.42857142857143,26.428571428571427
2020-03-10T00:00:00,0.0,0.0,0.0,0.5714285714285714,2.4285714285714284,8.714285714285714,24.857142857142858,106.14285714285714,135.28571428571428,29.0
2020-03-11T00:00:00,0.0,0.0,0.0,0.5714285714285714,2.2857142857142856,9.857142857142858,30.428571428571427,118.57142857142857,147.57142857142858,34.42857142857143
2020-03-12T00:00:00,0.0,0.0,0.0,1.1428571428571428,2.7142857142857144,11.0,35.57142857142857,133.42857142857142,161.28571428571428,39.42857142857143
2020-03-13T00:00:00,0.0,0.0,0.0,1.1428571428571428,2.857142857142857,12.571428571428571,41.42857142857143,148.42857142857142,177.0,42.857142857142854
2020-03-14T00:00:00,0.0,0.0,0.0,1.2857142857142858,3.142857142857143,14.285714285714286,49.142857142857146,162.57142857142858,195.42857142857142,48.0
2020-03-15T00:00:00,0.0,0.0,0.14285714285714285,1.5714285714285714,4.428571428571429,16.428571428571427,58.714285714285715,176.42857142857142,209.57142857142858,54.0
2020-03-16T00:00:00,0.0,0.0,0.14285714285714285,1.5714285714285714,5.285714285714286,19.428571428571427,65.14285714285714,191.85714285714286,233.0,58.714285714285715
2020-03-17T00:00:00,0.0,0.0,0.2857142857142857,1.8571428571428572,5.142857142857143,23.571428571428573,73.14285714285714,210.14285714285714,252.0,62.42857142857143
2020-03-18T00:00:00,0.0,0.0,0.2857142857142857,1.8571428571428572,5.428571428571429,26.142857142857142,80.14285714285714,227.0,274.0,68.14285714285714
2020-03-19T00:00:00,0.0,0.0,0.2857142857142857,1.5714285714285714,6.0,29.0,86.85714285714286,244.0,293.85714285714283,71.71428571428571
2020-03-20T00:00:00,0.0,0.0,0.2857142857142857,2.0,7.142857142857143,30.0,93.14285714285714,255.28571428571428,305.85714285714283,74.85714285714286
2020-03-21T00:00:00,0.0,0.0,0.2857142857142857,2.0,7.285714285714286,32.857142857142854,96.0,269.7142857142857,313.2857142857143,79.71428571428571
2020-03-22T00:00:00,0.0,0.0,0.2857142857142857,1.7142857142857142,6.571428571428571,34.714285714285715,100.14285714285714,277.7142857142857,324.0,82.28571428571429
2020-03-23T00:00:00,0.0,0.0,0.2857142857142857,1.7142857142857142,6.857142857142857,34.0,103.14285714285714,283.57142857142856,328.85714285714283,87.42857142857143
2020-03-24T00:00:00,0.0,0.0,0.14285714285714285,1.7142857142857142,7.285714285714286,34.285714285714285,107.85714285714286,281.85714285714283,333.7142857142857,94.14285714285714
2020-03-25T00:00:00,0.0,0.0,0.2857142857142857,1.7142857142857142,7.714285714285714,33.714285714285715,106.28571428571429,278.14285714285717,331.14285714285717,95.28571428571429
2020-03-26T00:00:00,0.0,0.0,0.42857142857142855,1.4285714285714286,7.571428571428571,34.285714285714285,103.57142857142857,266.85714285714283,330.85714285714283,99.28571428571429
2020-03-27T00:00:00,0.0,0.0,0.5714285714285714,1.1428571428571428,7.142857142857143,34.857142857142854,100.71428571428571,256.2857142857143,326.57142857142856,101.0
2020-03-28T00:00:00,0.14285714285714285,0.0,0.5714285714285714,1.2857142857142858,6.571428571428571,32.142857142857146,96.85714285714286,242.42857142857142,320.57142857142856,105.42857142857143
2020-03-29T00:00:00,0.2857142857142857,0.0,0.42857142857142855,1.1428571428571428,7.857142857142857,29.571428571428573,91.42857142857143,230.0,315.85714285714283,108.42857142857143
2020-03-30T00:00:00,0.2857142857142857,0.0,0.42857142857142855,1.1428571428571428,7.571428571428571,29.142857142857142,87.28571428571429,221.0,302.7142857142857,106.28571428571429
2020-03-31T00:00:00,0.2857142857142857,0.0,0.42857142857142855,1.1428571428571428,6.857142857142857,27.0,79.28571428571429,203.85714285714286,292.57142857142856,103.57142857142857
2020-04-01T00:00:00,0.2857142857142857,0.0,0.2857142857142857,1.0,6.714285714285714,25.428571428571427,77.0,191.57142857142858,285.42857142857144,103.42857142857143
2020-04-02T00:00:00,0.2857142857142857,0.0,0.14285714285714285,1.2857142857142858,6.142857142857143,22.714285714285715,74.85714285714286,182.57142857142858,272.2857142857143,102.14285714285714
2020-04-03T00:00:00,0.2857142857142857,0.0,0.14285714285714285,1.2857142857142858,6.0,21.142857142857142,71.14285714285714,171.57142857142858,271.2857142857143,105.85714285714286
2020-04-04T00:00:00,0.14285714285714285,0.0,0.14285714285714285,1.4285714285714286,7.285714285714286,21.285714285714285,69.42857142857143,160.85714285714286,268.57142857142856,103.42857142857143
2020-04-05T00:00:00,0.0,0.0,0.14285714285714285,1.4285714285714286,6.285714285714286,22.714285714285715,65.14285714285714,152.85714285714286,260.14285714285717,102.85714285714286
2020-04-06T00:00:00,0.0,0.0,0.14285714285714285,1.1428571428571428,6.142857142857143,22.428571428571427,63.57142857142857,141.14285714285714,257.2857142857143,109.42857142857143
2020-04-07T00:00:00,0.0,0.0,0.14285714285714285,1.1428571428571428,6.285714285714286,21.714285714285715,61.0,136.28571428571428,250.0,117.14285714285714
2020-04-08T00:00:00,0.0,0.0,0.14285714285714285,1.1428571428571428,6.0,21.571428571428573,58.42857142857143,130.85714285714286,248.28571428571428,124.42857142857143
2020-04-09T00:00:00,0.0,0.0,0.14285714285714285,0.8571428571428571,5.857142857142857,22.142857142857142,55.57142857142857,123.42857142857143,244.85714285714286,129.57142857142858
2020-04-10T00:00:00,0.0,0.0,0.0,1.0,5.714285714285714,21.857142857142858,53.42857142857143,122.57142857142857,236.85714285714286,130.57142857142858
2020-04-11T00:00:00,0.0,0.0,0.0,0.5714285714285714,4.428571428571429,20.571428571428573,51.42857142857143,119.0,232.14285714285714,131.0
2020-04-12T00:00:00,0.0,0.0,0.0,0.5714285714285714,4.428571428571429,18.428571428571427,48.42857142857143,116.14285714285714,223.85714285714286,133.85714285714286
2020-04-13T00:00:00,0.0,0.0,0.14285714285714285,0.8571428571428571,4.142857142857143,17.857142857142858,47.714285714285715,110.85714285714286,215.0,130.42857142857142
2020-04-14T00:00:00,0.0,0.0,0.14285714285714285,0.7142857142857143,4.0,16.285714285714285,46.142857142857146,109.28571428571429,208.14285714285714,124.71428571428571
2020-04-15T00:00:00,0.0,0.0,0.14285714285714285,1.0,4.285714285714286,17.571428571428573,43.57142857142857,104.28571428571429,201.85714285714286,119.57142857142857
2020-04-16T00:00:00,0.0,0.0,0.14285714285714285,1.1428571428571428,4.714285714285714,16.285714285714285,43.0,102.14285714285714,196.71428571428572,115.85714285714286
2020-04-17T00:00:00,0.0,0.0,0.14285714285714285,1.1428571428571428,4.142857142857143,15.0,42.142857142857146,95.28571428571429,185.28571428571428,112.0
2020-04-18T00:00:00,0.0,0.0,0.14285714285714285,1.1428571428571428,4.285714285714286,14.142857142857142,40.42857142857143,89.0,176.71428571428572,110.85714285714286
2020-04-19T00:00:00,0.0,0.0,0.14285714285714285,1.1428571428571428,3.857142857142857,14.428571428571429,38.714285714285715,84.0,174.0,107.0
2020-04-20T00:00:00,0.0,0.0,0.14285714285714285,1.0,3.7142857142857144,14.0,35.285714285714285,80.85714285714286,168.57142857142858,106.71428571428571
2020-04-21T00:00:00,0.14285714285714285,0.0,0.14285714285714285,0.8571428571428571,3.142857142857143,13.428571428571429,33.57142857142857,75.14285714285714,162.71428571428572,106.0
2020-04-22T00:00:00,0.14285714285714285,0.0,0.14285714285714285,0.5714285714285714,2.4285714285714284,10.857142857142858,33.0,72.28571428571429,152.14285714285714,103.57142857142857
2020-04-23T00:00:00,0.14285714285714285,0.0,0.14285714285714285,0.42857142857142855,1.5714285714285714,10.142857142857142,30.428571428571427,68.71428571428571,145.42857142857142,101.42857142857143
2020-04-24T00:00:00,0.14285714285714285,0.0,0.14285714285714285,0.42857142857142855,1.5714285714285714,9.714285714285714,29.285714285714285,67.14285714285714,141.71428571428572,100.57142857142857
2020-04-25T00:00:00,0.14285714285714285,0.0,0.14285714285714285,0.42857142857142855,1.8571428571428572,9.0,27.857142857142858,65.57142857142857,137.0,96.42857142857143
2020-04-26T00:00:00,0.14285714285714285,0.0,0.14285714285714285,0.5714285714285714,1.7142857142857142,8.0,26.428571428571427,63.0,131.71428571428572,93.14285714285714
2020-04-27T00:00:00,0.14285714285714285,0.0,0.0,0.42857142857142855,1.5714285714285714,7.285714285714286,25.285714285714285,58.57142857142857,126.57142857142857,86.71428571428571
2020-04-28T00:00:00,0.0,0.0,0.0,0.42857142857142855,2.0,6.714285714285714,24.142857142857142,56.0,119.14285714285714,83.14285714285714
2020-04-29T00:00:00,0.0,0.0,0.0,0.42857142857142855,2.0,6.0,23.285714285714285,52.42857142857143,115.28571428571429,80.85714285714286
2020-04-30T00:00:00,0.0,0.0,0.0,0.5714285714285714,2.5714285714285716,5.714285714285714,21.428571428571427,49.285714285714285,109.42857142857143,75.42857142857143
2020-05-01T00:00:00,0.0,0.0,0.0,0.5714285714285714,2.5714285714285716,6.142857142857143,18.714285714285715,46.142857142857146,106.85714285714286,71.14285714285714
2020-05-02T00:00:00,0.14285714285714285,0.0,0.0,0.5714285714285714,1.8571428571428572,6.571428571428571,17.428571428571427,44.142857142857146,100.71428571428571,69.28571428571429
2020-05-03T00:00:00,0.14285714285714285,0.0,0.0,0.42857142857142855,1.5714285714285714,6.142857142857143,17.0,42.42857142857143,95.42857142857143,65.85714285714286
2020-05-04T00:00:00,0.14285714285714285,0.0,0.0,0.42857142857142855,1.5714285714285714,6.0,15.714285714285714,42.285714285714285,88.85714285714286,61.57142857142857
2020-05-05T00:00:00,0.14285714285714285,0.0,0.14285714285714285,0.5714285714285714,1.1428571428571428,7.142857142857143,15.714285714285714,40.0,85.42857142857143,58.57142857142857
2020-05-06T00:00:00,0.14285714285714285,0.0,0.2857142857142857,0.5714285714285714,1.1428571428571428,8.142857142857142,14.0,40.0,81.0,53.142857142857146
2020-05-07T00:00:00,0.14285714285714285,0.0,0.2857142857142857,0.42857142857142855,1.0,8.285714285714286,13.857142857142858,38.57142857142857,77.14285714285714,50.57142857142857
2020-05-08T00:00:00,0.14285714285714285,0.0,0.42857142857142855,0.14285714285714285,0.7142857142857143,8.857142857142858,13.714285714285714,35.714285714285715,72.42857142857143,48.57142857142857
2020-05-09T00:00:00,0.0,0.0,0.42857142857142855,0.2857142857142857,1.0,8.285714285714286,12.571428571428571,32.857142857142854,68.85714285714286,45.857142857142854
2020-05-10T00:00:00,0.0,0.0,0.42857142857142855,0.2857142857142857,1.0,8.428571428571429,13.142857142857142,31.0,67.57142857142857,42.714285714285715
2020-05-11T00:00:00,0.0,0.0,0.42857142857142855,0.2857142857142857,1.0,7.428571428571429,13.0,28.571428571428573,66.85714285714286,44.57142857142857
2020-05-12T00:00:00,0.0,0.0,0.2857142857142857,0.14285714285714285,1.1428571428571428,6.142857142857143,11.428571428571429,24.714285714285715,63.57142857142857,40.857142857142854
2020-05-13T00:00:00,0.0,0.0,0.14285714285714285,0.14285714285714285,1.2857142857142858,5.0,10.571428571428571,22.428571428571427,60.857142857142854,40.57142857142857
2020-05-14T00:00:00,0.0,0.0,0.14285714285714285,0.14285714285714285,1.0,4.285714285714286,10.142857142857142,18.714285714285715,57.714285714285715,39.857142857142854
2020-05-15T00:00:00,0.0,0.0,0.0,0.2857142857142857,1.2857142857142858,2.857142857142857,9.285714285714286,18.285714285714285,53.714285714285715,36.57142857142857
2020-05-16T00:00:00,0.0,0.0,0.0,0.14285714285714285,1.0,2.4285714285714284,8.571428571428571,16.714285714285715,50.714285714285715,34.57142857142857
2020-05-17T00:00:00,0.0,0.0,0.0,0.14285714285714285,1.4285714285714286,1.5714285714285714,7.142857142857143,15.0,45.142857142857146,34.57142857142857
2020-05-18T00:00:00,0.0,0.0,0.0,0.14285714285714285,1.4285714285714286,1.8571428571428572,6.428571428571429,13.142857142857142,40.857142857142854,31.0
2020-05-19T00:00:00,0.0,0.0,0.0,0.14285714285714285,1.4285714285714286,2.0,6.857142857142857,13.857142857142858,38.714285714285715,30.714285714285715
2020-05-20T00:00:00,0.0,0.0,0.0,0.14285714285714285,1.1428571428571428,2.0,6.857142857142857,13.714285714285714,36.57142857142857,28.428571428571427
2020-05-21T00:00:00,0.0,0.0,0.0,0.14285714285714285,1.1428571428571428,2.0,6.428571428571429,14.142857142857142,34.42857142857143,27.0
2020-05-22T00:00:00,0.0,0.0,0.0,0.0,1.0,2.142857142857143,6.285714285714286,13.714285714285714,32.42857142857143,25.142857142857142
2020-05-23T00:00:00,0.0,0.0,0.0,0.0,1.0,2.7142857142857144,5.857142857142857,13.142857142857142,30.0,22.714285714285715
2020-05-24T00:00:00,0.0,0.0,0.14285714285714285,0.0,0.8571428571428571,2.857142857142857,5.285714285714286,13.714285714285714,29.857142857142858,21.571428571428573
2020-05-25T00:00:00,0.0,0.0,0.14285714285714285,0.0,0.7142857142857143,2.7142857142857144,5.285714285714286,12.714285714285714,29.857142857142858,19.571428571428573
2020-05-26T00:00:00,0.0,0.0,0.14285714285714285,0.0,0.5714285714285714,2.7142857142857144,4.857142857142857,12.0,27.428571428571427,16.714285714285715
2020-05-27T00:00:00,0.0,0.0,0.14285714285714285,0.0,0.5714285714285714,2.5714285714285716,4.285714285714286,11.571428571428571,23.857142857142858,16.285714285714285
2020-05-28T00:00:00,0.0,0.0,0.2857142857142857,0.0,0.7142857142857143,2.857142857142857,4.285714285714286,11.142857142857142,23.142857142857142,15.0
2020-05-29T00:00:00,0.0,0.0,0.2857142857142857,0.0,0.5714285714285714,2.4285714285714284,3.7142857142857144,10.0,23.428571428571427,16.428571428571427
2020-05-30T00:00:00,0.0,0.0,0.2857142857142857,0.0,0.7142857142857143,1.7142857142857142,3.7142857142857144,10.285714285714286,22.857142857142858,17.285714285714285
2020-05-31T00:00:00,0.0,0.0,0.14285714285714285,0.0,0.42857142857142855,2.0,3.5714285714285716,10.0,22.428571428571427,16.857142857142858
2020-06-01T00:00:00,0.0,0.0,0.14285714285714285,0.0,0.42857142857142855,1.5714285714285714,3.7142857142857144,11.428571428571429,21.142857142857142,17.857142857142858
2020-06-02T00:00:00,0.0,0.0,0.14285714285714285,0.0,0.42857142857142855,1.2857142857142858,3.857142857142857,11.714285714285714,23.285714285714285,19.714285714285715
2020-06-03T00:00:00,0.0,0.0,0.14285714285714285,0.0,0.42857142857142855,1.1428571428571428,4.142857142857143,10.571428571428571,23.857142857142858,18.285714285714285
2020-06-04T00:00:00,0.0,0.0,0.0,0.0,0.2857142857142857,1.0,4.142857142857143,10.142857142857142,22.428571428571427,17.857142857142858
2020-06-05T00:00:00,0.0,0.0,0.0,0.0,0.2857142857142857,1.0,3.857142857142857,10.714285714285714,22.285714285714285,16.142857142857142
2020-06-06T00:00:00,0.0,0.0,0.0,0.0,0.14285714285714285,1.1428571428571428,4.428571428571429,9.571428571428571,21.142857142857142,16.0
2020-06-07T00:00:00,0.0,0.0,0.0,0.0,0.14285714285714285,1.0,4.714285714285714,9.0,20.571428571428573,14.0
2020-06-08T00:00:00,0.0,0.0,0.0,0.0,0.14285714285714285,1.0,4.142857142857143,7.714285714285714,19.428571428571427,12.285714285714286
2020-06-09T00:00:00,0.0,0.0,0.0,0.0,0.14285714285714285,1.4285714285714286,3.5714285714285716,6.285714285714286,16.285714285714285,9.285714285714286
2020-06-10T00:00:00,0.0,0.0,0.0,0.0,0.14285714285714285,1.4285714285714286,2.857142857142857,7.142857142857143,15.285714285714286,8.142857142857142
2020-06-11T00:00:00,0.0,0.0,0.0,0.0,0.14285714285714285,1.2857142857142858,2.4285714285714284,7.142857142857143,15.285714285714286,8.0
2020-06-12T00:00:00,0.0,0.0,0.0,0.0,0.2857142857142857,1.2857142857142858,2.5714285714285716,7.142857142857143,14.142857142857142,8.714285714285714
2020-06-13T00:00:00,0.0,0.0,0.0,0.0,0.42857142857142855,1.4285714285714286,2.0,7.142857142857143,14.428571428571429,8.285714285714286
2020-06-14T00:00:00,0.0,0.0,0.0,0.0,0.42857142857142855,1.2857142857142858,2.2857142857142856,7.0,14.0,9.428571428571429
2020-06-15T00:00:00,0.0,0.0,0.0,0.0,0.42857142857142855,1.2857142857142858,2.4285714285714284,6.0,14.571428571428571,9.714285714285714
2020-06-16T00:00:00,0.0,0.0,0.0,0.0,0.5714285714285714,0.8571428571428571,2.0,6.0,14.0,10.285714285714286
2020-06-17T00:00:00,0.0,0.0,0.0,0.0,0.5714285714285714,0.7142857142857143,2.142857142857143,4.571428571428571,14.857142857142858,11.285714285714286
2020-06-18T00:00:00,0.0,0.0,0.0,0.0,0.42857142857142855,0.42857142857142855,1.7142857142857142,4.571428571428571,14.857142857142858,11.142857142857142
2020-06-19T00:00:00,0.0,0.0,0.0,0.0,0.42857142857142855,0.5714285714285714,2.142857142857143,3.857142857142857,15.0,12.142857142857142
2020-06-20T00:00:00,0.0,0.0,0.0,0.0,0.2857142857142857,0.2857142857142857,2.0,4.285714285714286,14.428571428571429,11.428571428571429
2020-06-21T00:00:00,0.0,0.0,0.0,0.0,0.2857142857142857,0.14285714285714285,1.2857142857142858,3.857142857142857,13.714285714285714,10.857142857142858
2020-06-22T00:00:00,0.0,0.0,0.0,0.0,0.2857142857142857,0.14285714285714285,0.8571428571428571,4.428571428571429,12.714285714285714,9.714285714285714
2020-06-23T00:00:00,0.0,0.0,0.0,0.0,0.14285714285714285,0.2857142857142857,1.0,4.571428571428571,13.285714285714286,9.571428571428571
2020-06-24T00:00:00,0.0,0.0,0.0,0.0,0.14285714285714285,0.2857142857142857,0.8571428571428571,5.142857142857143,12.285714285714286,8.428571428571429
2020-06-25T00:00:00,0.0,0.0,0.0,0.0,0.2857142857142857,0.2857142857142857,1.1428571428571428,4.857142857142857,10.857142857142858,7.857142857142857
2020-06-26T00:00:00,0.0,0.0,0.0,0.0,0.14285714285714285,0.14285714285714285,0.7142857142857143,4.285714285714286,9.571428571428571,5.571428571428571
2020-06-27T00:00:00,0.0,0.0,0.0,0.0,0.14285714285714285,0.14285714285714285,0.5714285714285714,4.0,8.714285714285714,5.428571428571429
2020-06-28T00:00:00,0.0,0.0,0.0,0.0,0.14285714285714285,0.14285714285714285,0.5714285714285714,3.5714285714285716,8.0,5.0
2020-06-29T00:00:00,0.0,0.0,0.0,0.0,0.14285714285714285,0.14285714285714285,0.7142857142857143,2.857142857142857,7.714285714285714,5.285714285714286
2020-06-30T00:00:00,0.0,0.0,0.0,0.0,0.14285714285714285,0.0,0.7142857142857143,2.7142857142857144,6.428571428571429,4.428571428571429
2020-07-01T00:00:00,0.0,0.0,0.0,0.0,0.14285714285714285,0.0,0.7142857142857143,2.4285714285714284,6.285714285714286,4.571428571428571
2020-07-02T00:00:00,0.0,0.0,0.0,0.0,0.0,0.14285714285714285,0.5714285714285714,2.4285714285714284,6.285714285714286,4.142857142857143
2020-07-03T00:00:00,0.0,0.0,0.0,0.0,0.0,0.14285714285714285,0.5714285714285714,2.4285714285714284,5.571428571428571,4.0
2020-07-04T00:00:00,0.0,0.0,0.0,0.0,0.0,0.14285714285714285,1.0,1.7142857142857142,5.714285714285714,3.4285714285714284
2020-07-05T00:00:00,0.0,0.0,0.0,0.0,0.0,0.2857142857142857,1.0,1.8571428571428572,5.142857142857143,3.0
2020-07-06T00:00:00,0.0,0.0,0.0,0.0,0.0,0.2857142857142857,1.0,1.8571428571428572,4.714285714285714,2.7142857142857144
2020-07-07T00:00:00,0.0,0.0,0.0,0.0,0.0,0.2857142857142857,0.8571428571428571,1.8571428571428572,4.571428571428571,3.0
2020-07-08T00:00:00,0.0,0.0,0.0,0.0,0.0,0.2857142857142857,1.1428571428571428,1.5714285714285714,4.571428571428571,2.7142857142857144
2020-07-09T00:00:00,0.0,0.0,0.0,0.0,0.0,0.14285714285714285,1.1428571428571428,1.5714285714285714,5.428571428571429,3.142857142857143
2020-07-10T00:00:00,0.0,0.0,0.0,0.0,0.0,0.14285714285714285,1.0,1.8571428571428572,5.142857142857143,2.7142857142857144
2020-07-11T00:00:00,0.0,0.0,0.0,0.0,0.0,0.14285714285714285,0.7142857142857143,2.2857142857142856,4.571428571428571,2.857142857142857
2020-07-12T00:00:00,0.0,0.0,0.0,0.0,0.14285714285714285,0.2857142857142857,0.8571428571428571,2.7142857142857144,4.857142857142857,2.7142857142857144
2020-07-13T00:00:00,0.0,0.0,0.0,0.0,0.14285714285714285,0.2857142857142857,0.8571428571428571,2.857142857142857,4.428571428571429,2.2857142857142856
2020-07-14T00:00:00,0.0,0.0,0.0,0.0,0.14285714285714285,0.5714285714285714,1.0,2.7142857142857144,5.142857142857143,2.2857142857142856
2020-07-15T00:00:00,0.0,0.0,0.0,0.0,0.14285714285714285,0.5714285714285714,0.7142857142857143,2.857142857142857,5.285714285714286,2.4285714285714284
2020-07-16T00:00:00,0.0,0.0,0.0,0.0,0.2857142857142857,0.5714285714285714,0.7142857142857143,2.4285714285714284,4.285714285714286,1.7142857142857142
2020-07-17T00:00:00,0.0,0.0,0.0,0.0,0.2857142857142857,0.5714285714285714,0.8571428571428571,2.4285714285714284,4.714285714285714,2.142857142857143
2020-07-18T00:00:00,0.0,0.0,0.0,0.0,0.2857142857142857,0.7142857142857143,0.7142857142857143,2.4285714285714284,5.428571428571429,2.5714285714285716
2020-07-19T00:00:00,0.0,0.0,0.0,0.0,0.14285714285714285,0.42857142857142855,0.7142857142857143,1.5714285714285714,4.857142857142857,2.2857142857142856
2020-07-20T00:00:00,0.0,0.0,0.0,0.0,0.14285714285714285,0.42857142857142855,0.7142857142857143,1.2857142857142858,4.857142857142857,2.857142857142857
2020-07-21T00:00:00,0.0,0.0,0.0,0.0,0.14285714285714285,0.2857142857142857,0.5714285714285714,1.1428571428571428,4.285714285714286,2.5714285714285716
2020-07-22T00:00:00,0.0,0.0,0.0,0.0,0.14285714285714285,0.2857142857142857,0.5714285714285714,0.8571428571428571,3.857142857142857,2.5714285714285716
2020-07-23T00:00:00,0.0,0.0,0.0,0.0,0.14285714285714285,0.2857142857142857,0.42857142857142855,1.1428571428571428,4.571428571428571,2.857142857142857
2020-07-24T00:00:00,0.0,0.0,0.0,0.0,0.14285714285714285,0.2857142857142857,0.2857142857142857,1.0,4.285714285714286,2.5714285714285716
2020-07-25T00:00:00,0.0,0.0,0.0,0.14285714285714285,0.14285714285714285,0.2857142857142857,0.42857142857142855,0.5714285714285714,3.7142857142857144,2.0
2020-07-26T00:00:00,0.0,0.0,0.0,0.14285714285714285,0.2857142857142857,0.42857142857142855,0.42857142857142855,0.5714285714285714,3.857142857142857,2.2857142857142856
2020-07-27T00:00:00,0.0,0.0,0.0,0.14285714285714285,0.2857142857142857,0.42857142857142855,0.2857142857142857,1.0,3.4285714285714284,1.8571428571428572
2020-07-28T00:00:00,0.0,0.0,0.0,0.14285714285714285,0.42857142857142855,0.2857142857142857,0.2857142857142857,1.0,3.2857142857142856,1.8571428571428572
2020-07-29T00:00:00,0.0,0.0,0.0,0.14285714285714285,0.42857142857142855,0.2857142857142857,0.2857142857142857,1.1428571428571428,3.142857142857143,1.5714285714285714
2020-07-30T00:00:00,0.0,0.0,0.0,0.14285714285714285,0.2857142857142857,0.2857142857142857,0.42857142857142855,0.8571428571428571,2.5714285714285716,1.1428571428571428
2020-07-31T00:00:00,0.0,0.0,0.0,0.14285714285714285,0.2857142857142857,0.2857142857142857,0.5714285714285714,0.7142857142857143,2.0,0.8571428571428571
2020-08-01T00:00:00,0.0,0.0,0.0,0.0,0.2857142857142857,0.14285714285714285,0.42857142857142855,1.0,2.142857142857143,0.8571428571428571
2020-08-02T00:00:00,0.0,0.0,0.0,0.0,0.14285714285714285,0.14285714285714285,0.2857142857142857,1.1428571428571428,2.142857142857143,0.8571428571428571
2020-08-03T00:00:00,0.0,0.0,0.0,0.0,0.14285714285714285,0.2857142857142857,0.2857142857142857,1.1428571428571428,2.5714285714285716,0.8571428571428571
2020-08-04T00:00:00,0.0,0.0,0.0,0.0,0.0,0.2857142857142857,0.2857142857142857,1.5714285714285714,2.4285714285714284,1.0
2020-08-05T00:00:00,0.0,0.0,0.0,0.0,0.0,0.2857142857142857,0.2857142857142857,1.5714285714285714,2.5714285714285716,1.1428571428571428
2020-08-06T00:00:00,0.0,0.0,0.0,0.0,0.0,0.42857142857142855,0.14285714285714285,1.7142857142857142,2.7142857142857144,1.2857142857142858
2020-08-07T00:00:00,0.0,0.0,0.0,0.0,0.0,0.42857142857142855,0.0,1.8571428571428572,2.857142857142857,1.8571428571428572
2020-08-08T00:00:00,0.0,0.0,0.0,0.0,0.0,0.5714285714285714,0.14285714285714285,1.7142857142857142,2.2857142857142856,1.8571428571428572
2020-08-09T00:00:00,0.0,0.0,0.0,0.0,0.0,0.42857142857142855,0.14285714285714285,2.0,2.4285714285714284,1.8571428571428572
2020-08-10T00:00:00,0.0,0.0,0.0,0.0,0.0,0.2857142857142857,0.14285714285714285,1.7142857142857142,3.142857142857143,1.8571428571428572
2020-08-11T00:00:00,0.0,0.0,0.0,0.0,0.0,0.2857142857142857,0.14285714285714285,1.4285714285714286,3.0,1.7142857142857142
2020-08-12T00:00:00,0.0,0.0,0.0,0.0,0.0,0.42857142857142855,0.14285714285714285,1.5714285714285714,3.0,2.142857142857143
2020-08-13T00:00:00,0.0,0.0,0.0,0.0,0.0,0.5714285714285714,0.14285714285714285,1.2857142857142858,2.4285714285714284,1.8571428571428572
2020-08-14T00:00:00,0.0,0.0,0.0,0.0,0.0,0.5714285714285714,0.2857142857142857,1.1428571428571428,2.2857142857142856,1.8571428571428572
2020-08-15T00:00:00,0.0,0.0,0.0,0.14285714285714285,0.0,0.42857142857142855,0.14285714285714285,1.1428571428571428,2.7142857142857144,2.0
2020-08-16T00:00:00,0.0,0.0,0.0,0.14285714285714285,0.14285714285714285,0.42857142857142855,0.14285714285714285,1.1428571428571428,2.857142857142857,2.142857142857143
2020-08-17T00:00:00,0.0,0.0,0.0,0.14285714285714285,0.14285714285714285,0.42857142857142855,0.14285714285714285,1.2857142857142858,2.0,2.0
2020-08-18T00:00:00,0.0,0.0,0.0,0.14285714285714285,0.14285714285714285,0.42857142857142855,0.14285714285714285,1.2857142857142858,2.5714285714285716,2.0
2020-08-19T00:00:00,0.0,0.0,0.0,0.14285714285714285,0.14285714285714285,0.2857142857142857,0.14285714285714285,1.1428571428571428,2.4285714285714284,1.4285714285714286
2020-08-20T00:00:00,0.0,0.0,0.0,0.14285714285714285,0.14285714285714285,0.14285714285714285,0.14285714285714285,1.2857142857142858,3.0,1.4285714285714286
2020-08-21T00:00:00,0.0,0.0,0.0,0.14285714285714285,0.2857142857142857,0.14285714285714285,0.14285714285714285,1.4285714285714286,3.0,1.1428571428571428
2020-08-22T00:00:00,0.0,0.0,0.0,0.0,0.42857142857142855,0.42857142857142855,0.14285714285714285,1.4285714285714286,3.0,1.2857142857142858
2020-08-23T00:00:00,0.0,0.0,0.0,0.0,0.2857142857142857,0.42857142857142855,0.42857142857142855,1.1428571428571428,2.857142857142857,0.8571428571428571
2020-08-24T00:00:00,0.0,0.0,0.0,0.0,0.2857142857142857,0.42857142857142855,0.42857142857142855,0.8571428571428571,2.5714285714285716,0.8571428571428571
2020-08-25T00:00:00,0.0,0.0,0.0,0.0,0.2857142857142857,0.42857142857142855,0.42857142857142855,0.7142857142857143,2.142857142857143,1.0
2020-08-26T00:00:00,0.0,0.0,0.0,0.0,0.2857142857142857,0.42857142857142855,0.42857142857142855,0.5714285714285714,2.4285714285714284,1.4285714285714286
2020-08-27T00:00:00,0.0,0.0,0.0,0.0,0.2857142857142857,0.42857142857142855,0.5714285714285714,0.7142857142857143,2.0,1.8571428571428572
2020-08-28T00:00:00,0.0,0.0,0.0,0.0,0.2857142857142857,0.42857142857142855,0.5714285714285714,1.2857142857142858,2.0,1.7142857142857142
2020-08-29T00:00:00,0.0,0.0,0.0,0.0,0.14285714285714285,0.5714285714285714,0.7142857142857143,1.4285714285714286,2.2857142857142856,1.2857142857142858
2020-08-30T00:00:00,0.0,0.0,0.0,0.0,0.14285714285714285,0.5714285714285714,0.5714285714285714,1.5714285714285714,2.5714285714285716,1.7142857142857142
2020-08-31T00:00:00,0.0,0.0,0.0,0.0,0.2857142857142857,0.7142857142857143,0.7142857142857143,1.8571428571428572,3.0,2.142857142857143
2020-09-01T00:00:00,0.0,0.0,0.0,0.0,0.2857142857142857,0.8571428571428571,0.8571428571428571,2.2857142857142856,3.5714285714285716,2.4285714285714284
2020-09-02T00:00:00,0.0,0.0,0.0,0.0,0.2857142857142857,0.8571428571428571,1.0,2.5714285714285716,3.2857142857142856,2.142857142857143
2020-09-03T00:00:00,0.0,0.0,0.0,0.0,0.2857142857142857,0.8571428571428571,1.0,2.7142857142857144,4.571428571428571,2.142857142857143
2020-09-04T00:00:00,0.0,0.0,0.0,0.0,0.14285714285714285,0.8571428571428571,0.8571428571428571,2.0,5.0,2.0
2020-09-05T00:00:00,0.0,0.0,0.0,0.0,0.14285714285714285,0.42857142857142855,0.7142857142857143,2.0,4.428571428571429,2.5714285714285716
2020-09-06T00:00:00,0.0,0.0,0.0,0.0,0.14285714285714285,0.42857142857142855,0.7142857142857143,2.4285714285714284,4.0,2.2857142857142856
2020-09-07T00:00:00,0.0,0.0,0.0,0.0,0.0,0.42857142857142855,0.5714285714285714,2.5714285714285716,3.857142857142857,2.2857142857142856
2020-09-08T00:00:00,0.0,0.0,0.14285714285714285,0.0,0.0,0.42857142857142855,0.42857142857142855,3.2857142857142856,3.7142857142857144,1.8571428571428572
2020-09-09T00:00:00,0.0,0.0,0.14285714285714285,0.0,0.0,0.5714285714285714,0.42857142857142855,3.5714285714285716,4.142857142857143,2.142857142857143
2020-09-10T00:00:00,0.0,0.0,0.14285714285714285,0.0,0.0,0.42857142857142855,0.42857142857142855,3.7142857142857144,3.2857142857142856,2.2857142857142856
2020-09-11T00:00:00,0.0,0.0,0.14285714285714285,0.0,0.0,0.5714285714285714,1.0,4.428571428571429,3.4285714285714284,3.142857142857143
2020-09-12T00:00:00,0.0,0.0,0.14285714285714285,0.0,0.0,0.5714285714285714,1.0,4.714285714285714,4.571428571428571,3.0
2020-09-13T00:00:00,0.0,0.0,0.14285714285714285,0.14285714285714285,0.0,0.5714285714285714,1.2857142857142858,4.571428571428571,5.428571428571429,2.857142857142857
2020-09-14T00:00:00,0.0,0.0,0.2857142857142857,0.14285714285714285,0.0,0.8571428571428571,1.5714285714285714,4.571428571428571,6.428571428571429,3.2857142857142856
2020-09-15T00:00:00,0.0,0.0,0.14285714285714285,0.14285714285714285,0.14285714285714285,0.7142857142857143,1.7142857142857142,3.857142857142857,6.571428571428571,4.0
2020-09-16T00:00:00,0.0,0.0,0.14285714285714285,0.14285714285714285,0.2857142857142857,0.5714285714285714,1.7142857142857142,4.142857142857143,6.857142857142857,4.142857142857143
2020-09-17T00:00:00,0.0,0.0,0.14285714285714285,0.14285714285714285,0.2857142857142857,0.5714285714285714,2.2857142857142856,4.0,6.857142857142857,4.142857142857143
2020-09-18T00:00:00,0.0,0.0,0.14285714285714285,0.14285714285714285,0.2857142857142857,0.42857142857142855,1.7142857142857142,3.7142857142857144,7.0,3.857142857142857
2020-09-19T00:00:00,0.0,0.0,0.14285714285714285,0.2857142857142857,0.2857142857142857,0.5714285714285714,1.8571428571428572,3.4285714285714284,7.857142857142857,4.285714285714286
2020-09-20T00:00:00,0.0,0.0,0.14285714285714285,0.14285714285714285,0.42857142857142855,0.7142857142857143,2.0,4.0,7.571428571428571,4.428571428571429
2020-09-21T00:00:00,0.0,0.0,0.0,0.14285714285714285,0.42857142857142855,0.42857142857142855,2.2857142857142856,4.428571428571429,7.428571428571429,5.0
2020-09-22T00:00:00,0.0,0.0,0.0,0.14285714285714285,0.2857142857142857,0.5714285714285714,2.4285714285714284,4.857142857142857,7.285714285714286,5.0
2020-09-23T00:00:00,0.0,0.0,0.0,0.14285714285714285,0.14285714285714285,0.5714285714285714,2.857142857142857,5.0,7.428571428571429,5.285714285714286
2020-09-24T00:00:00,0.0,0.0,0.0,0.14285714285714285,0.14285714285714285,0.5714285714285714,2.2857142857142856,5.0,8.142857142857142,5.714285714285714
2020-09-25T00:00:00,0.0,0.0,0.0,0.14285714285714285,0.2857142857142857,0.7142857142857143,2.2857142857142856,5.714285714285714,8.285714285714286,6.285714285714286
2020-09-26T00:00:00,0.0,0.0,0.0,0.0,0.2857142857142857,1.0,2.142857142857143,6.0,6.714285714285714,6.571428571428571
2020-09-27T00:00:00,0.0,0.0,0.0,0.0,0.2857142857142857,1.1428571428571428,1.7142857142857142,5.714285714285714,7.142857142857143,7.428571428571429
2020-09-28T00:00:00,0.0,0.0,0.0,0.14285714285714285,0.2857142857142857,1.5714285714285714,1.4285714285714286,5.714285714285714,7.285714285714286,7.142857142857143
2020-09-29T00:00:00,0.0,0.0,0.0,0.14285714285714285,0.42857142857142855,1.4285714285714286,1.4285714285714286,5.0,8.142857142857142,6.714285714285714
2020-09-30T00:00:00,0.0,0.0,0.0,0.14285714285714285,0.42857142857142855,1.4285714285714286,1.4285714285714286,4.714285714285714,8.142857142857142,6.285714285714286
2020-10-01T00:00:00,0.0,0.0,0.0,0.14285714285714285,0.42857142857142855,1.7142857142857142,2.4285714285714284,6.142857142857143,8.142857142857142,6.142857142857143
2020-10-02T00:00:00,0.0,0.0,0.0,0.14285714285714285,0.2857142857142857,1.7142857142857142,2.7142857142857144,6.285714285714286,8.285714285714286,5.714285714285714
2020-10-03T00:00:00,0.0,0.0,0.0,0.14285714285714285,0.2857142857142857,1.2857142857142858,3.0,7.0,9.714285714285714,5.714285714285714
2020-10-04T00:00:00,0.0,0.0,0.0,0.14285714285714285,0.14285714285714285,1.4285714285714286,3.857142857142857,6.857142857142857,10.714285714285714,5.857142857142857
2020-10-05T00:00:00,0.0,0.0,0.0,0.0,0.14285714285714285,1.1428571428571428,4.0,7.142857142857143,11.857142857142858,6.714285714285714
2020-10-06T00:00:00,0.14285714285714285,0.0,0.0,0.0,0.0,1.4285714285714286,4.285714285714286,8.714285714285714,13.571428571428571,7.857142857142857
2020-10-07T00:00:00,0.14285714285714285,0.0,0.0,0.0,0.14285714285714285,1.5714285714285714,4.857142857142857,9.714285714285714,15.428571428571429,9.285714285714286
2020-10-08T00:00:00,0.14285714285714285,0.0,0.0,0.0,0.2857142857142857,2.142857142857143,4.714285714285714,9.714285714285714,19.571428571428573,10.0
2020-10-09T00:00:00,0.14285714285714285,0.0,0.0,0.0,0.42857142857142855,2.4285714285714284,5.571428571428571,9.714285714285714,22.428571428571427,12.285714285714286
2020-10-10T00:00:00,0.14285714285714285,0.0,0.0,0.0,0.42857142857142855,2.857142857142857,6.571428571428571,11.285714285714286,24.571428571428573,12.714285714285714
2020-10-11T00:00:00,0.14285714285714285,0.0,0.0,0.0,0.42857142857142855,2.7142857142857144,7.285714285714286,12.428571428571429,26.428571428571427,13.285714285714286
2020-10-12T00:00:00,0.14285714285714285,0.0,0.0,0.14285714285714285,0.5714285714285714,3.0,9.0,14.142857142857142,31.0,13.571428571428571
2020-10-13T00:00:00,0.0,0.0,0.0,0.2857142857142857,0.5714285714285714,3.142857142857143,9.428571428571429,13.857142857142858,33.714285714285715,16.0
2020-10-14T00:00:00,0.0,0.0,0.0,0.2857142857142857,0.42857142857142855,3.5714285714285716,9.285714285714286,15.142857142857142,37.0,18.428571428571427
2020-10-15T00:00:00,0.0,0.0,0.0,0.42857142857142855,0.2857142857142857,3.2857142857142856,9.857142857142858,15.142857142857142,38.857142857142854,20.714285714285715
2020-10-16T00:00:00,0.0,0.0,0.0,0.42857142857142855,0.2857142857142857,3.7142857142857144,10.571428571428571,19.571428571428573,43.714285714285715,21.285714285714285
2020-10-17T00:00:00,0.0,0.0,0.0,0.5714285714285714,0.2857142857142857,4.0,10.857142857142858,20.428571428571427,49.42857142857143,24.714285714285715
2020-10-18T00:00:00,0.0,0.0,0.0,0.7142857142857143,0.2857142857142857,4.428571428571429,10.857142857142858,22.714285714285715,55.57142857142857,29.142857142857142
2020-10-19T00:00:00,0.0,0.0,0.0,0.5714285714285714,0.7142857142857143,4.571428571428571,11.142857142857142,24.571428571428573,59.142857142857146,33.857142857142854
2020-10-20T00:00:00,0.0,0.0,0.0,0.5714285714285714,1.2857142857142858,5.571428571428571,12.142857142857142,29.714285714285715,66.85714285714286,35.857142857142854
2020-10-21T00:00:00,0.0,0.0,0.0,0.5714285714285714,1.4285714285714286,6.142857142857143,14.428571428571429,32.42857142857143,73.14285714285714,37.142857142857146
2020-10-22T00:00:00,0.0,0.0,0.0,0.42857142857142855,1.5714285714285714,7.571428571428571,15.285714285714286,36.857142857142854,82.85714285714286,41.0
2020-10-23T00:00:00,0.0,0.0,0.0,0.7142857142857143,1.8571428571428572,8.0,16.714285714285715,39.142857142857146,88.14285714285714,44.0
2020-10-24T00:00:00,0.0,0.0,0.0,0.5714285714285714,2.2857142857142856,8.428571428571429,18.428571428571427,47.57142857142857,95.28571428571429,48.714285714285715
2020-10-25T00:00:00,0.0,0.0,0.0,0.7142857142857143,2.5714285714285716,8.428571428571429,19.857142857142858,51.857142857142854,103.85714285714286,53.57142857142857
2020-10-26T00:00:00,0.0,0.14285714285714285,0.0,0.7142857142857143,2.4285714285714284,9.714285714285714,20.857142857142858,58.857142857142854,115.14285714285714,58.0
2020-10-27T00:00:00,0.0,0.14285714285714285,0.14285714285714285,0.5714285714285714,2.142857142857143,9.285714285714286,23.285714285714285,64.57142857142857,126.0,63.42857142857143
2020-10-28T00:00:00,0.0,0.14285714285714285,0.14285714285714285,0.7142857142857143,2.5714285714285716,9.285714285714286,24.428571428571427,70.28571428571429,135.0,70.14285714285714
2020-10-29T00:00:00,0.14285714285714285,0.14285714285714285,0.14285714285714285,0.8571428571428571,3.0,9.857142857142858,27.857142857142858,78.0,146.42857142857142,74.71428571428571
2020-10-30T00:00:00,0.14285714285714285,0.14285714285714285,0.14285714285714285,1.0,2.857142857142857,10.0,29.857142857142858,86.14285714285714,157.28571428571428,81.85714285714286
2020-10-31T00:00:00,0.14285714285714285,0.14285714285714285,0.14285714285714285,1.1428571428571428,3.0,10.142857142857142,30.428571428571427,91.85714285714286,168.57142857142858,87.71428571428571
2020-11-01T00:00:00,0.14285714285714285,0.14285714285714285,0.2857142857142857,1.1428571428571428,2.7142857142857144,11.428571428571429,33.57142857142857,101.57142857142857,184.42857142857142,94.28571428571429
2020-11-02T00:00:00,0.14285714285714285,0.0,0.2857142857142857,1.1428571428571428,2.7142857142857144,12.0,37.42857142857143,105.85714285714286,194.28571428571428,99.42857142857143
2020-11-03T00:00:00,0.14285714285714285,0.0,0.2857142857142857,1.5714285714285714,2.857142857142857,13.428571428571429,39.285714285714285,112.0,199.57142857142858,102.0
2020-11-04T00:00:00,0.14285714285714285,0.0,0.42857142857142855,1.7142857142857142,3.4285714285714284,15.0,42.57142857142857,119.0,212.71428571428572,106.0
2020-11-05T00:00:00,0.0,0.0,0.5714285714285714,1.5714285714285714,3.857142857142857,14.142857142857142,44.0,125.85714285714286,223.57142857142858,110.0
2020-11-06T00:00:00,0.0,0.0,0.5714285714285714,1.1428571428571428,4.428571428571429,16.285714285714285,47.285714285714285,133.14285714285714,237.57142857142858,116.0
2020-11-07T00:00:00,0.0,0.0,0.7142857142857143,1.1428571428571428,4.428571428571429,17.0,55.285714285714285,138.14285714285714,250.0,119.0
2020-11-08T00:00:00,0.14285714285714285,0.0,0.5714285714285714,1.0,5.285714285714286,18.428571428571427,59.57142857142857,141.85714285714286,259.85714285714283,124.0
2020-11-09T00:00:00,0.14285714285714285,0.0,0.5714285714285714,1.0,6.714285714285714,20.285714285714285,61.285714285714285,147.57142857142858,267.57142857142856,127.0
2020-11-10T00:00:00,0.14285714285714285,0.0,0.42857142857142855,0.5714285714285714,7.857142857142857,21.142857142857142,62.0,152.42857142857142,282.0,133.42857142857142
2020-11-11T00:00:00,0.14285714285714285,0.0,0.2857142857142857,0.5714285714285714,7.571428571428571,21.142857142857142,63.285714285714285,159.0,291.85714285714283,138.42857142857142
2020-11-12T00:00:00,0.14285714285714285,0.0,0.14285714285714285,1.0,7.0,23.428571428571427,64.28571428571429,165.0,300.42857142857144,143.85714285714286
2020-11-13T00:00:00,0.14285714285714285,0.0,0.5714285714285714,1.5714285714285714,7.857142857142857,24.0,65.42857142857143,169.71428571428572,308.57142857142856,145.71428571428572
2020-11-14T00:00:00,0.14285714285714285,0.0,0.7142857142857143,1.5714285714285714,8.571428571428571,26.285714285714285,63.57142857142857,176.28571428571428,315.2857142857143,148.85714285714286
2020-11-15T00:00:00,0.0,0.14285714285714285,0.8571428571428571,1.4285714285714286,9.142857142857142,26.857142857142858,63.142857142857146,185.28571428571428,315.0,151.0
2020-11-16T00:00:00,0.0,0.2857142857142857,1.1428571428571428,1.4285714285714286,8.142857142857142,24.714285714285715,64.85714285714286,189.42857142857142,324.57142857142856,154.71428571428572
2020-11-17T00:00:00,0.0,0.2857142857142857,1.1428571428571428,1.7142857142857142,7.142857142857143,23.571428571428573,67.42857142857143,189.57142857142858,321.2857142857143,154.57142857142858
2020-11-18T00:00:00,0.0,0.2857142857142857,1.1428571428571428,1.5714285714285714,6.857142857142857,23.714285714285715,68.0,186.85714285714286,322.14285714285717,156.14285714285714
2020-11-19T00:00:00,0.0,0.42857142857142855,1.4285714285714286,1.2857142857142858,7.571428571428571,22.714285714285715,71.42857142857143,186.71428571428572,318.14285714285717,157.0
2020-11-20T00:00:00,0.0,0.42857142857142855,1.0,0.8571428571428571,6.428571428571429,22.285714285714285,74.14285714285714,183.85714285714286,314.2857142857143,160.57142857142858
2020-11-21T00:00:00,0.0,0.42857142857142855,0.7142857142857143,1.0,6.285714285714286,20.571428571428573,74.28571428571429,184.28571428571428,318.2857142857143,161.71428571428572
2020-11-22T00:00:00,0.0,0.2857142857142857,0.5714285714285714,1.4285714285714286,5.571428571428571,19.857142857142858,74.85714285714286,176.57142857142858,319.14285714285717,159.14285714285714
2020-11-23T00:00:00,0.0,0.14285714285714285,0.42857142857142855,2.142857142857143,6.285714285714286,20.714285714285715,74.85714285714286,175.57142857142858,315.0,160.42857142857142
2020-11-24T00:00:00,0.0,0.14285714285714285,0.5714285714285714,2.142857142857143,7.0,21.714285714285715,73.14285714285714,178.42857142857142,316.7142857142857,163.0
2020-11-25T00:00:00,0.0,0.2857142857142857,0.5714285714285714,2.0,6.428571428571429,21.857142857142858,73.0,180.57142857142858,309.85714285714283,160.71428571428572
2020-11-26T00:00:00,0.0,0.14285714285714285,0.2857142857142857,2.2857142857142856,6.428571428571429,22.285714285714285,71.85714285714286,175.57142857142858,303.42857142857144,161.85714285714286
2020-11-27T00:00:00,0.0,0.14285714285714285,0.2857142857142857,2.4285714285714284,6.428571428571429,22.285714285714285,68.71428571428571,170.28571428571428,300.2857142857143,156.42857142857142
2020-11-28T00:00:00,0.0,0.14285714285714285,0.2857142857142857,2.4285714285714284,6.0,23.428571428571427,70.28571428571429,164.28571428571428,290.57142857142856,155.0
2020-11-29T00:00:00,0.0,0.14285714285714285,0.2857142857142857,2.0,5.714285714285714,23.142857142857142,68.85714285714286,162.85714285714286,284.42857142857144,154.0
2020-11-30T00:00:00,0.0,0.14285714285714285,0.14285714285714285,1.4285714285714286,4.428571428571429,23.142857142857142,65.28571428571429,165.28571428571428,275.0,155.0
2020-12-01T00:00:00,0.0,0.14285714285714285,0.0,1.2857142857142858,3.857142857142857,23.857142857142858,64.85714285714286,156.71428571428572,269.85714285714283,155.0
2020-12-02T00:00:00,0.0,0.0,0.14285714285714285,1.7142857142857142,4.857142857142857,24.142857142857142,63.0,152.14285714285714,270.2857142857143,156.28571428571428
2020-12-03T00:00:00,0.0,0.0,0.2857142857142857,1.2857142857142858,4.142857142857143,23.0,61.285714285714285,152.57142857142858,270.7142857142857,152.42857142857142
2020-12-04T00:00:00,0.0,0.0,0.2857142857142857,1.2857142857142858,4.0,21.285714285714285,60.142857142857146,150.42857142857142,266.2857142857143,154.71428571428572
2020-12-05T00:00:00,0.0,0.0,0.42857142857142855,1.4285714285714286,4.142857142857143,20.857142857142858,57.57142857142857,150.57142857142858,260.42857142857144,158.14285714285714
2020-12-06T00:00:00,0.0,0.0,0.42857142857142855,1.4285714285714286,3.857142857142857,20.714285714285715,57.142857142857146,148.57142857142858,257.0,159.0
2020-12-07T00:00:00,0.0,0.0,0.42857142857142855,1.4285714285714286,4.285714285714286,20.0,58.142857142857146,142.42857142857142,259.0,151.57142857142858
2020-12-08T00:00:00,0.0,0.0,0.42857142857142855,1.2857142857142858,3.857142857142857,17.714285714285715,58.0,142.42857142857142,258.85714285714283,149.0
2020-12-09T00:00:00,0.0,0.14285714285714285,0.2857142857142857,0.8571428571428571,3.142857142857143,16.857142857142858,56.42857142857143,140.57142857142858,255.28571428571428,147.14285714285714
2020-12-10T00:00:00,0.14285714285714285,0.14285714285714285,0.14285714285714285,0.8571428571428571,4.142857142857143,16.714285714285715,57.0,135.42857142857142,252.14285714285714,144.57142857142858
2020-12-11T00:00:00,0.14285714285714285,0.14285714285714285,0.14285714285714285,0.8571428571428571,4.571428571428571,18.0,56.285714285714285,137.14285714285714,248.42857142857142,142.71428571428572
2020-12-12T00:00:00,0.14285714285714285,0.14285714285714285,0.0,0.8571428571428571,4.142857142857143,18.285714285714285,55.42857142857143,132.71428571428572,250.42857142857142,139.71428571428572
2020-12-13T00:00:00,0.14285714285714285,0.14285714285714285,0.0,0.8571428571428571,4.428571428571429,17.714285714285715,53.285714285714285,132.28571428571428,250.71428571428572,137.42857142857142
2020-12-14T00:00:00,0.14285714285714285,0.14285714285714285,0.0,0.7142857142857143,3.857142857142857,16.571428571428573,51.42857142857143,130.14285714285714,248.57142857142858,137.14285714285714
2020-12-15T00:00:00,0.14285714285714285,0.14285714285714285,0.0,0.7142857142857143,4.428571428571429,17.571428571428573,51.285714285714285,127.28571428571429,240.42857142857142,135.14285714285714
2020-12-16T00:00:00,0.14285714285714285,0.0,0.0,1.0,4.428571428571429,17.571428571428573,52.142857142857146,124.42857142857143,232.28571428571428,133.85714285714286
2020-12-17T00:00:00,0.0,0.0,0.0,1.0,3.5714285714285716,16.714285714285715,48.857142857142854,121.14285714285714,232.14285714285714,133.0
2020-12-18T00:00:00,0.0,0.0,0.0,0.7142857142857143,3.2857142857142856,15.714285714285714,47.42857142857143,118.42857142857143,229.14285714285714,129.57142857142858
2020-12-19T00:00:00,0.0,0.0,0.14285714285714285,0.42857142857142855,3.5714285714285716,14.142857142857142,45.42857142857143,117.71428571428571,217.85714285714286,124.85714285714286
2020-12-20T00:00:00,0.0,0.0,0.14285714285714285,0.42857142857142855,3.7142857142857144,15.428571428571429,43.714285714285715,114.57142857142857,211.85714285714286,120.57142857142857
2020-12-21T00:00:00,0.0,0.0,0.14285714285714285,0.7142857142857143,3.857142857142857,16.571428571428573,42.285714285714285,107.85714285714286,201.28571428571428,118.57142857142857
2020-12-22T00:00:00,0.0,0.0,0.14285714285714285,0.8571428571428571,3.4285714285714284,15.428571428571429,41.857142857142854,104.0,200.71428571428572,114.14285714285714
2020-12-23T00:00:00,0.0,0.0,0.2857142857142857,0.7142857142857143,3.7142857142857144,14.571428571428571,40.285714285714285,103.14285714285714,197.0,110.0
2020-12-24T00:00:00,0.0,0.0,0.2857142857142857,0.7142857142857143,3.2857142857142856,14.571428571428571,40.714285714285715,105.57142857142857,194.28571428571428,109.28571428571429
2020-12-25T00:00:00,0.0,0.0,0.2857142857142857,0.7142857142857143,2.7142857142857144,14.571428571428571,38.857142857142854,104.42857142857143,192.14285714285714,107.71428571428571
2020-12-26T00:00:00,0.0,0.0,0.14285714285714285,0.7142857142857143,2.4285714285714284,13.857142857142858,37.857142857142854,99.57142857142857,196.57142857142858,106.85714285714286
2020-12-27T00:00:00,0.0,0.0,0.2857142857142857,0.8571428571428571,2.0,11.571428571428571,38.285714285714285,97.42857142857143,193.71428571428572,105.28571428571429
2020-12-28T00:00:00,0.0,0.0,0.2857142857142857,0.5714285714285714,2.142857142857143,11.428571428571429,38.142857142857146,98.28571428571429,197.28571428571428,105.57142857142857
2020-12-29T00:00:00,0.0,0.0,0.42857142857142855,0.42857142857142855,2.2857142857142856,12.142857142857142,36.285714285714285,101.57142857142857,196.85714285714286,103.0
2020-12-30T00:00:00,0.0,0.0,0.42857142857142855,0.2857142857142857,2.4285714285714284,12.428571428571429,35.42857142857143,100.14285714285714,197.57142857142858,104.71428571428571
2020-12-31T00:00:00,0.0,0.0,0.42857142857142855,0.2857142857142857,3.0,13.571428571428571,35.285714285714285,99.57142857142857,196.85714285714286,105.14285714285714
2021-01-01T00:00:00,0.0,0.0,0.5714285714285714,0.42857142857142855,3.5714285714285716,13.285714285714286,34.57142857142857,101.57142857142857,203.14285714285714,104.28571428571429
2021-01-02T00:00:00,0.0,0.0,0.7142857142857143,0.2857142857142857,3.2857142857142856,13.285714285714286,35.714285714285715,102.0,201.71428571428572,103.0
2021-01-03T00:00:00,0.0,0.0,0.7142857142857143,0.14285714285714285,3.142857142857143,13.857142857142858,37.0,102.14285714285714,204.0,104.0
2021-01-04T00:00:00,0.0,0.0,0.7142857142857143,0.2857142857142857,3.4285714285714284,13.714285714285714,37.714285714285715,103.85714285714286,204.85714285714286,99.28571428571429
2021-01-05T00:00:00,0.0,0.0,0.5714285714285714,0.42857142857142855,3.2857142857142856,13.857142857142858,39.714285714285715,102.42857142857143,202.28571428571428,102.71428571428571
2021-01-06T00:00:00,0.0,0.0,0.42857142857142855,0.5714285714285714,3.142857142857143,13.428571428571429,41.42857142857143,105.28571428571429,201.57142857142858,102.28571428571429
2021-01-07T00:00:00,0.14285714285714285,0.0,0.42857142857142855,0.5714285714285714,2.5714285714285716,13.0,41.142857142857146,104.85714285714286,199.85714285714286,101.0
2021-01-08T00:00:00,0.14285714285714285,0.14285714285714285,0.2857142857142857,0.5714285714285714,2.5714285714285716,13.428571428571429,44.285714285714285,101.57142857142857,197.14285714285714,98.71428571428571
2021-01-09T00:00:00,0.14285714285714285,0.14285714285714285,0.14285714285714285,0.5714285714285714,2.7142857142857144,13.571428571428571,42.857142857142854,101.28571428571429,197.42857142857142,98.0
2021-01-10T00:00:00,0.14285714285714285,0.14285714285714285,0.14285714285714285,0.5714285714285714,3.142857142857143,13.0,41.714285714285715,101.85714285714286,192.14285714285714,98.28571428571429
2021-01-11T00:00:00,0.14285714285714285,0.14285714285714285,0.14285714285714285,0.8571428571428571,2.5714285714285716,12.285714285714286,42.57142857142857,102.42857142857143,194.71428571428572,103.71428571428571
2021-01-12T00:00:00,0.14285714285714285,0.14285714285714285,0.14285714285714285,1.0,2.4285714285714284,11.571428571428571,40.857142857142854,104.42857142857143,195.85714285714286,103.85714285714286
2021-01-13T00:00:00,0.14285714285714285,0.14285714285714285,0.14285714285714285,1.1428571428571428,2.4285714285714284,11.571428571428571,41.714285714285715,101.85714285714286,199.28571428571428,102.42857142857143
2021-01-14T00:00:00,0.0,0.14285714285714285,0.14285714285714285,1.7142857142857142,3.2857142857142856,10.571428571428571,41.857142857142854,102.57142857142857,199.0,102.0
2021-01-15T00:00:00,0.0,0.0,0.14285714285714285,1.8571428571428572,3.142857142857143,10.0,40.57142857142857,104.28571428571429,198.14285714285714,103.14285714285714
2021-01-16T00:00:00,0.0,0.0,0.14285714285714285,2.0,3.2857142857142856,10.428571428571429,41.857142857142854,103.57142857142857,195.85714285714286,101.71428571428571
2021-01-17T00:00:00,0.0,0.0,0.0,2.142857142857143,3.2857142857142856,10.714285714285714,40.42857142857143,102.14285714285714,199.71428571428572,99.42857142857143
2021-01-18T00:00:00,0.0,0.0,0.0,1.7142857142857142,3.2857142857142856,11.0,39.57142857142857,101.14285714285714,192.57142857142858,97.14285714285714
2021-01-19T00:00:00,0.0,0.0,0.0,1.5714285714285714,3.5714285714285716,11.0,40.285714285714285,99.85714285714286,188.28571428571428,96.0
2021-01-20T00:00:00,0.0,0.0,0.14285714285714285,1.2857142857142858,3.5714285714285716,11.571428571428571,39.0,99.85714285714286,186.14285714285714,94.57142857142857
2021-01-21T00:00:00,0.0,0.0,0.14285714285714285,0.7142857142857143,2.857142857142857,12.428571428571429,37.0,97.14285714285714,182.57142857142858,91.57142857142857
2021-01-22T00:00:00,0.0,0.0,0.14285714285714285,0.42857142857142855,2.857142857142857,12.0,37.857142857142854,93.14285714285714,178.57142857142858,95.71428571428571
2021-01-23T00:00:00,0.0,0.0,0.14285714285714285,0.2857142857142857,2.857142857142857,11.857142857142858,37.142857142857146,93.14285714285714,177.71428571428572,97.14285714285714
2021-01-24T00:00:00,0.0,0.0,0.14285714285714285,0.14285714285714285,3.0,11.571428571428571,37.42857142857143,93.85714285714286,173.85714285714286,96.28571428571429
2021-01-25T00:00:00,0.0,0.0,0.2857142857142857,0.2857142857142857,2.857142857142857,11.857142857142858,36.57142857142857,92.0,170.57142857142858,92.28571428571429
2021-01-26T00:00:00,0.0,0.0,0.2857142857142857,0.14285714285714285,2.4285714285714284,11.571428571428571,35.714285714285715,89.14285714285714,174.28571428571428,89.28571428571429
2021-01-27T00:00:00,0.0,0.0,0.14285714285714285,0.14285714285714285,3.2857142857142856,11.142857142857142,34.57142857142857,88.85714285714286,170.14285714285714,87.28571428571429
2021-01-28T00:00:00,0.0,0.0,0.14285714285714285,0.14285714285714285,3.0,11.285714285714286,35.0,87.85714285714286,162.71428571428572,89.0
2021-01-29T00:00:00,0.0,0.14285714285714285,0.14285714285714285,0.2857142857142857,2.857142857142857,11.571428571428571,33.57142857142857,88.57142857142857,160.42857142857142,85.71428571428571
2021-01-30T00:00:00,0.0,0.14285714285714285,0.14285714285714285,0.2857142857142857,2.7142857142857144,11.0,33.142857142857146,86.85714285714286,157.57142857142858,81.42857142857143
2021-01-31T00:00:00,0.0,0.14285714285714285,0.14285714285714285,0.2857142857142857,2.2857142857142856,10.857142857142858,31.571428571428573,84.28571428571429,155.71428571428572,79.57142857142857
2021-02-01T00:00:00,0.0,0.14285714285714285,0.2857142857142857,0.14285714285714285,2.4285714285714284,10.0,31.142857142857142,85.42857142857143,158.42857142857142,84.14285714285714
2021-02-02T00:00:00,0.0,0.14285714285714285,0.2857142857142857,0.14285714285714285,2.4285714285714284,10.714285714285714,30.857142857142858,86.0,153.57142857142858,83.14285714285714
2021-02-03T00:00:00,0.0,0.14285714285714285,0.2857142857142857,0.2857142857142857,1.2857142857142858,10.571428571428571,29.714285714285715,82.85714285714286,150.14285714285714,83.0
2021-02-04T00:00:00,0.0,0.14285714285714285,0.2857142857142857,0.2857142857142857,1.7142857142857142,10.0,30.714285714285715,80.0,151.42857142857142,80.71428571428571
2021-02-05T00:00:00,0.0,0.0,0.2857142857142857,0.2857142857142857,2.5714285714285716,10.285714285714286,29.428571428571427,81.14285714285714,149.14285714285714,74.71428571428571
2021-02-06T00:00:00,0.0,0.0,0.2857142857142857,0.2857142857142857,2.7142857142857144,10.285714285714286,30.285714285714285,78.85714285714286,140.57142857142858,73.85714285714286
2021-02-07T00:00:00,0.0,0.0,0.2857142857142857,0.2857142857142857,3.5714285714285716,10.571428571428571,32.42857142857143,76.71428571428571,136.71428571428572,71.42857142857143
2021-02-08T00:00:00,0.0,0.0,0.0,0.42857142857142855,3.7142857142857144,11.0,31.428571428571427,73.85714285714286,129.71428571428572,64.0
2021-02-09T00:00:00,0.0,0.0,0.0,0.42857142857142855,3.7142857142857144,9.714285714285714,31.428571428571427,70.57142857142857,122.85714285714286,62.42857142857143
2021-02-10T00:00:00,0.0,0.0,0.0,0.2857142857142857,3.7142857142857144,9.857142857142858,30.571428571428573,71.0,121.85714285714286,58.57142857142857
2021-02-11T00:00:00,0.0,0.0,0.0,0.2857142857142857,4.285714285714286,10.142857142857142,30.0,68.42857142857143,120.0,55.857142857142854
2021-02-12T00:00:00,0.0,0.0,0.0,0.2857142857142857,3.2857142857142856,9.714285714285714,30.428571428571427,65.0,115.71428571428571,56.0
2021-02-13T00:00:00,0.0,0.0,0.14285714285714285,0.2857142857142857,3.5714285714285716,9.714285714285714,30.714285714285715,65.42857142857143,121.0,55.857142857142854
2021-02-14T00:00:00,0.0,0.0,0.2857142857142857,0.5714285714285714,3.142857142857143,10.0,29.0,68.0,121.57142857142857,55.714285714285715
2021-02-15T00:00:00,0.0,0.0,0.2857142857142857,0.5714285714285714,3.5714285714285716,9.285714285714286,31.0,67.42857142857143,120.14285714285714,56.714285714285715
2021-02-16T00:00:00,0.0,0.0,0.2857142857142857,0.5714285714285714,3.7142857142857144,10.857142857142858,30.714285714285715,69.0,119.42857142857143,54.42857142857143
2021-02-17T00:00:00,0.0,0.0,0.2857142857142857,0.5714285714285714,3.857142857142857,10.857142857142858,32.42857142857143,68.0,117.71428571428571,55.285714285714285
2021-02-18T00:00:00,0.0,0.0,0.2857142857142857,0.5714285714285714,4.0,12.0,31.428571428571427,74.71428571428571,119.42857142857143,57.142857142857146
2021-02-19T00:00:00,0.0,0.0,0.2857142857142857,0.42857142857142855,4.857142857142857,12.571428571428571,32.57142857142857,75.0,119.14285714285714,57.0
2021-02-20T00:00:00,0.0,0.0,0.14285714285714285,0.42857142857142855,4.714285714285714,12.285714285714286,30.428571428571427,73.71428571428571,112.71428571428571,54.57142857142857
2021-02-21T00:00:00,0.0,0.0,0.0,0.14285714285714285,4.428571428571429,12.142857142857142,31.571428571428573,73.0,107.71428571428571,53.57142857142857
2021-02-22T00:00:00,0.0,0.0,0.0,0.0,4.142857142857143,12.857142857142858,29.857142857142858,73.85714285714286,109.42857142857143,51.714285714285715
2021-02-23T00:00:00,0.0,0.0,0.0,0.14285714285714285,4.142857142857143,11.714285714285714,30.428571428571427,75.85714285714286,110.57142857142857,52.857142857142854
2021-02-24T00:00:00,0.0,0.0,0.0,0.14285714285714285,3.857142857142857,11.142857142857142,29.571428571428573,76.85714285714286,110.14285714285714,50.57142857142857
2021-02-25T00:00:00,0.0,0.0,0.0,0.14285714285714285,3.2857142857142856,10.857142857142858,30.0,75.85714285714286,109.57142857142857,47.42857142857143
2021-02-26T00:00:00,0.0,0.0,0.0,0.14285714285714285,3.142857142857143,10.285714285714286,30.857142857142858,76.14285714285714,110.42857142857143,47.0
2021-02-27T00:00:00,0.0,0.0,0.0,0.14285714285714285,2.857142857142857,11.428571428571429,31.428571428571427,78.42857142857143,119.14285714285714,46.142857142857146
2021-02-28T00:00:00,0.0,0.0,0.0,0.14285714285714285,3.0,11.428571428571429,30.714285714285715,78.0,126.85714285714286,46.57142857142857
2021-03-01T00:00:00,0.0,0.0,0.0,0.42857142857142855,3.2857142857142856,11.714285714285714,31.142857142857142,80.0,126.42857142857143,48.714285714285715
2021-03-02T00:00:00,0.0,0.0,0.0,0.2857142857142857,3.4285714285714284,12.142857142857142,30.571428571428573,81.57142857142857,126.28571428571429,48.57142857142857
2021-03-03T00:00:00,0.0,0.0,0.0,0.2857142857142857,3.7142857142857144,12.571428571428571,32.857142857142854,82.42857142857143,128.28571428571428,51.714285714285715
2021-03-04T00:00:00,0.0,0.0,0.0,0.2857142857142857,4.142857142857143,12.142857142857142,33.714285714285715,78.14285714285714,129.42857142857142,52.142857142857146
2021-03-05T00:00:00,0.0,0.14285714285714285,0.0,0.42857142857142855,3.5714285714285716,12.571428571428571,33.42857142857143,78.28571428571429,130.57142857142858,51.857142857142854
2021-03-06T00:00:00,0.0,0.14285714285714285,0.0,0.5714285714285714,4.285714285714286,12.857142857142858,32.857142857142854,84.57142857142857,128.0,52.142857142857146
2021-03-07T00:00:00,0.0,0.14285714285714285,0.14285714285714285,0.5714285714285714,4.428571428571429,13.428571428571429,35.714285714285715,88.14285714285714,128.28571428571428,53.42857142857143
2021-03-08T00:00:00,0.0,0.14285714285714285,0.2857142857142857,0.7142857142857143,4.142857142857143,14.428571428571429,37.714285714285715,91.14285714285714,134.57142857142858,51.714285714285715
2021-03-09T00:00:00,0.0,0.14285714285714285,0.2857142857142857,0.7142857142857143,3.7142857142857144,16.0,39.285714285714285,91.42857142857143,140.57142857142858,52.57142857142857
2021-03-10T00:00:00,0.0,0.14285714285714285,0.2857142857142857,0.8571428571428571,3.7142857142857144,16.571428571428573,38.142857142857146,93.0,140.42857142857142,51.857142857142854
2021-03-11T00:00:00,0.0,0.14285714285714285,0.2857142857142857,0.8571428571428571,3.142857142857143,16.714285714285715,38.142857142857146,100.0,140.85714285714286,53.285714285714285
2021-03-12T00:00:00,0.0,0.0,0.2857142857142857,0.8571428571428571,3.2857142857142856,17.0,40.285714285714285,103.71428571428571,146.14285714285714,57.714285714285715
2021-03-13T00:00:00,0.0,0.0,0.2857142857142857,0.8571428571428571,2.7142857142857144,16.714285714285715,42.57142857142857,104.0,147.14285714285714,60.0
2021-03-14T00:00:00,0.0,0.0,0.14285714285714285,1.1428571428571428,2.5714285714285716,17.142857142857142,44.42857142857143,106.28571428571429,146.14285714285714,61.57142857142857
2021-03-15T00:00:00,0.0,0.0,0.0,0.8571428571428571,2.4285714285714284,16.285714285714285,45.285714285714285,106.71428571428571,145.57142857142858,62.0
2021-03-16T00:00:00,0.0,0.0,0.14285714285714285,1.0,2.7142857142857144,15.0,44.857142857142854,108.28571428571429,146.14285714285714,63.714285714285715
2021-03-17T00:00:00,0.0,0.0,0.14285714285714285,1.0,2.7142857142857144,14.857142857142858,46.42857142857143,111.14285714285714,155.14285714285714,63.857142857142854
2021-03-18T00:00:00,0.0,0.0,0.14285714285714285,1.0,3.0,13.857142857142858,47.42857142857143,110.71428571428571,157.71428571428572,64.14285714285714
2021-03-19T00:00:00,0.0,0.0,0.2857142857142857,1.0,3.0,13.142857142857142,47.0,112.85714285714286,162.42857142857142,62.42857142857143
2021-03-20T00:00:00,0.0,0.0,0.2857142857142857,1.1428571428571428,2.857142857142857,13.571428571428571,49.285714285714285,110.71428571428571,167.57142857142858,64.28571428571429
2021-03-21T00:00:00,0.0,0.0,0.2857142857142857,1.1428571428571428,3.4285714285714284,14.285714285714286,48.0,110.28571428571429,171.57142857142858,62.57142857142857
2021-03-22T00:00:00,0.0,0.14285714285714285,0.2857142857142857,1.1428571428571428,4.428571428571429,14.857142857142858,48.857142857142854,110.57142857142857,172.42857142857142,65.14285714285714
2021-03-23T00:00:00,0.0,0.14285714285714285,0.14285714285714285,1.0,5.0,15.285714285714286,51.0,110.14285714285714,171.28571428571428,63.142857142857146
2021-03-24T00:00:00,0.0,0.14285714285714285,0.14285714285714285,1.0,4.714285714285714,15.428571428571429,51.857142857142854,111.28571428571429,165.28571428571428,64.0
2021-03-25T00:00:00,0.0,0.14285714285714285,0.14285714285714285,1.1428571428571428,5.142857142857143,16.857142857142858,54.142857142857146,113.0,167.14285714285714,65.42857142857143
2021-03-26T00:00:00,0.0,0.14285714285714285,0.0,1.0,5.571428571428571,16.857142857142858,55.42857142857143,111.71428571428571,161.14285714285714,64.85714285714286
2021-03-27T00:00:00,0.0,0.14285714285714285,0.0,0.7142857142857143,5.714285714285714,17.857142857142858,53.142857142857146,115.28571428571429,159.85714285714286,63.857142857142854
2021-03-28T00:00:00,0.0,0.14285714285714285,0.14285714285714285,0.42857142857142855,5.428571428571429,17.428571428571427,55.714285714285715,117.0,158.85714285714286,64.28571428571429
2021-03-29T00:00:00,0.0,0.0,0.14285714285714285,0.2857142857142857,5.142857142857143,16.857142857142858,55.0,118.0,158.85714285714286,66.14285714285714
2021-03-30T00:00:00,0.0,0.0,0.14285714285714285,0.42857142857142855,5.285714285714286,18.142857142857142,55.285714285714285,121.14285714285714,163.14285714285714,67.28571428571429
2021-03-31T00:00:00,0.0,0.0,0.14285714285714285,0.2857142857142857,5.428571428571429,17.714285714285715,57.285714285714285,121.57142857142857,162.57142857142858,66.14285714285714
2021-04-01T00:00:00,0.0,0.0,0.14285714285714285,0.14285714285714285,5.142857142857143,17.714285714285715,57.0,120.0,158.28571428571428,65.42857142857143
2021-04-02T00:00:00,0.0,0.0,0.14285714285714285,0.14285714285714285,4.857142857142857,17.714285714285715,57.857142857142854,124.0,160.71428571428572,67.42857142857143
2021-04-03T00:00:00,0.0,0.0,0.14285714285714285,0.14285714285714285,5.142857142857143,16.285714285714285,57.57142857142857,121.28571428571429,160.14285714285714,65.28571428571429
2021-04-04T00:00:00,0.0,0.0,0.0,0.14285714285714285,4.714285714285714,16.428571428571427,54.42857142857143,120.85714285714286,158.85714285714286,67.42857142857143
2021-04-05T00:00:00,0.0,0.0,0.14285714285714285,0.14285714285714285,4.142857142857143,17.0,54.857142857142854,122.14285714285714,156.85714285714286,63.57142857142857
2021-04-06T00:00:00,0.0,0.0,0.2857142857142857,0.14285714285714285,3.4285714285714284,15.714285714285714,52.714285714285715,121.42857142857143,152.0,64.28571428571429
2021-04-07T00:00:00,0.0,0.0,0.2857142857142857,0.2857142857142857,3.2857142857142856,16.0,51.142857142857146,120.57142857142857,153.42857142857142,65.0
2021-04-08T00:00:00,0.0,0.0,0.2857142857142857,0.2857142857142857,2.857142857142857,16.571428571428573,50.57142857142857,123.28571428571429,152.14285714285714,64.14285714285714
2021-04-09T00:00:00,0.0,0.14285714285714285,0.2857142857142857,0.42857142857142855,2.5714285714285716,18.857142857142858,48.285714285714285,120.14285714285714,144.0,61.285714285714285
2021-04-10T00:00:00,0.0,0.14285714285714285,0.42857142857142855,0.42857142857142855,2.142857142857143,18.285714285714285,49.0,120.14285714285714,135.14285714285714,61.714285714285715
2021-04-11T00:00:00,0.0,0.14285714285714285,0.42857142857142855,0.5714285714285714,2.2857142857142856,17.714285714285715,47.714285714285715,115.57142857142857,129.28571428571428,58.57142857142857
2021-04-12T00:00:00,0.0,0.14285714285714285,0.2857142857142857,0.5714285714285714,2.857142857142857,17.285714285714285,46.57142857142857,111.0,125.71428571428571,53.857142857142854
2021-04-13T00:00:00,0.0,0.14285714285714285,0.14285714285714285,0.42857142857142855,3.2857142857142856,17.571428571428573,47.857142857142854,110.14285714285714,122.14285714285714,49.142857142857146
2021-04-14T00:00:00,0.0,0.14285714285714285,0.14285714285714285,0.42857142857142855,3.2857142857142856,18.142857142857142,46.285714285714285,106.57142857142857,117.28571428571429,47.142857142857146
2021-04-15T00:00:00,0.0,0.14285714285714285,0.14285714285714285,0.42857142857142855,3.142857142857143,18.285714285714285,44.57142857142857,104.14285714285714,112.14285714285714,42.714285714285715
2021-04-16T00:00:00,0.0,0.0,0.2857142857142857,0.42857142857142855,3.2857142857142856,15.285714285714286,43.285714285714285,103.14285714285714,111.0,40.714285714285715
2021-04-17T00:00:00,0.0,0.0,0.14285714285714285,0.5714285714285714,3.7142857142857144,18.142857142857142,42.42857142857143,101.28571428571429,111.57142857142857,39.285714285714285
2021-04-18T00:00:00,0.0,0.0,0.2857142857142857,0.42857142857142855,3.5714285714285716,16.857142857142858,42.857142857142854,100.85714285714286,106.85714285714286,39.142857142857146
2021-04-19T00:00:00,0.14285714285714285,0.14285714285714285,0.2857142857142857,0.42857142857142855,3.2857142857142856,16.714285714285715,45.42857142857143,100.14285714285714,103.28571428571429,41.714285714285715
2021-04-20T00:00:00,0.14285714285714285,0.14285714285714285,0.2857142857142857,0.42857142857142855,2.7142857142857144,15.857142857142858,44.42857142857143,96.85714285714286,103.85714285714286,43.142857142857146
2021-04-21T00:00:00,0.14285714285714285,0.14285714285714285,0.2857142857142857,0.42857142857142855,2.7142857142857144,15.142857142857142,45.42857142857143,95.28571428571429,101.14285714285714,43.57142857142857
2021-04-22T00:00:00,0.14285714285714285,0.14285714285714285,0.42857142857142855,0.7142857142857143,2.857142857142857,14.0,46.857142857142854,94.14285714285714,99.0,45.285714285714285
2021-04-23T00:00:00,0.14285714285714285,0.14285714285714285,0.42857142857142855,0.7142857142857143,2.857142857142857,15.285714285714286,47.285714285714285,88.28571428571429,93.28571428571429,42.857142857142854
2021-04-24T00:00:00,0.14285714285714285,0.2857142857142857,0.5714285714285714,0.7142857142857143,2.7142857142857144,13.142857142857142,47.142857142857146,87.0,89.57142857142857,41.57142857142857
2021-04-25T00:00:00,0.14285714285714285,0.2857142857142857,0.42857142857142855,1.0,2.5714285714285716,13.857142857142858,48.142857142857146,86.28571428571429,87.14285714285714,37.42857142857143
2021-04-26T00:00:00,0.0,0.14285714285714285,0.42857142857142855,1.1428571428571428,2.142857142857143,13.714285714285714,44.142857142857146,83.85714285714286,83.57142857142857,36.285714285714285
2021-04-27T00:00:00,0.0,0.14285714285714285,0.5714285714285714,1.1428571428571428,2.4285714285714284,13.285714285714286,42.285714285714285,81.42857142857143,75.85714285714286,33.857142857142854
2021-04-28T00:00:00,0.0,0.14285714285714285,0.5714285714285714,1.0,3.0,12.857142857142858,39.57142857142857,81.0,74.42857142857143,30.428571428571427
2021-04-29T00:00:00,0.0,0.14285714285714285,0.42857142857142855,1.1428571428571428,3.0,12.571428571428571,36.714285714285715,75.57142857142857,73.28571428571429,27.714285714285715
2021-04-30T00:00:00,0.14285714285714285,0.14285714285714285,0.2857142857142857,1.4285714285714286,3.0,12.142857142857142,36.857142857142854,76.28571428571429,75.14285714285714,28.571428571428573
2021-05-01T00:00:00,0.14285714285714285,0.0,0.14285714285714285,1.4285714285714286,2.857142857142857,11.857142857142858,35.42857142857143,72.14285714285714,72.42857142857143,28.571428571428573
2021-05-02T00:00:00,0.14285714285714285,0.0,0.14285714285714285,1.1428571428571428,3.142857142857143,10.714285714285714,33.285714285714285,70.71428571428571,71.28571428571429,27.714285714285715
2021-05-03T00:00:00,0.2857142857142857,0.0,0.2857142857142857,1.2857142857142858,3.2857142857142856,9.857142857142858,33.57142857142857,69.28571428571429,66.71428571428571,26.857142857142858
2021-05-04T00:00:00,0.2857142857142857,0.0,0.14285714285714285,1.2857142857142858,3.142857142857143,10.0,33.0,67.28571428571429,66.28571428571429,25.857142857142858
2021-05-05T00:00:00,0.2857142857142857,0.0,0.14285714285714285,1.2857142857142858,2.7142857142857144,11.0,33.142857142857146,62.714285714285715,62.714285714285715,26.142857142857142
2021-05-06T00:00:00,0.2857142857142857,0.14285714285714285,0.2857142857142857,0.8571428571428571,2.7142857142857144,10.714285714285714,32.57142857142857,63.142857142857146,60.57142857142857,26.428571428571427
2021-05-07T00:00:00,0.14285714285714285,0.14285714285714285,0.2857142857142857,0.5714285714285714,2.857142857142857,10.428571428571429,29.142857142857142,62.714285714285715,57.42857142857143,25.714285714285715
2021-05-08T00:00:00,0.14285714285714285,0.14285714285714285,0.2857142857142857,0.42857142857142855,2.5714285714285716,10.0,29.428571428571427,61.142857142857146,52.285714285714285,24.571428571428573
2021-05-09T00:00:00,0.14285714285714285,0.14285714285714285,0.2857142857142857,0.42857142857142855,2.142857142857143,10.285714285714286,27.857142857142858,58.857142857142854,50.42857142857143,24.285714285714285
2021-05-10T00:00:00,0.0,0.14285714285714285,0.14285714285714285,0.14285714285714285,1.7142857142857142,9.857142857142858,26.571428571428573,56.714285714285715,50.857142857142854,22.428571428571427
2021-05-11T00:00:00,0.0,0.14285714285714285,0.14285714285714285,0.14285714285714285,1.8571428571428572,9.714285714285714,26.285714285714285,54.0,47.857142857142854,23.142857142857142
2021-05-12T00:00:00,0.0,0.14285714285714285,0.14285714285714285,0.2857142857142857,1.7142857142857142,8.285714285714286,25.571428571428573,52.142857142857146,47.142857142857146,21.714285714285715
2021-05-13T00:00:00,0.0,0.0,0.14285714285714285,0.5714285714285714,1.5714285714285714,8.285714285714286,25.285714285714285,49.714285714285715,43.0,20.571428571428573
2021-05-14T00:00:00,0.0,0.0,0.14285714285714285,0.42857142857142855,1.0,8.0,25.571428571428573,46.285714285714285,38.42857142857143,18.142857142857142
2021-05-15T00:00:00,0.0,0.0,0.14285714285714285,0.42857142857142855,1.1428571428571428,7.285714285714286,22.428571428571427,44.714285714285715,38.57142857142857,16.714285714285715
2021-05-16T00:00:00,0.0,0.0,0.14285714285714285,0.5714285714285714,1.2857142857142858,7.428571428571429,22.571428571428573,43.0,36.857142857142854,16.428571428571427
2021-05-17T00:00:00,0.0,0.0,0.2857142857142857,0.7142857142857143,1.4285714285714286,7.857142857142857,21.142857142857142,39.142857142857146,34.0,15.571428571428571
2021-05-18T00:00:00,0.0,0.0,0.2857142857142857,0.8571428571428571,1.5714285714285714,7.714285714285714,20.428571428571427,37.857142857142854,32.857142857142854,14.428571428571429
2021-05-19T00:00:00,0.0,0.0,0.2857142857142857,0.7142857142857143,1.5714285714285714,7.571428571428571,19.714285714285715,37.857142857142854,30.285714285714285,12.857142857142858
2021-05-20T00:00:00,0.0,0.0,0.14285714285714285,0.5714285714285714,1.5714285714285714,7.0,18.857142857142858,34.285714285714285,28.857142857142858,11.857142857142858
2021-05-21T00:00:00,0.0,0.0,0.14285714285714285,0.7142857142857143,1.5714285714285714,7.142857142857143,19.142857142857142,31.428571428571427,27.428571428571427,11.571428571428571
2021-05-22T00:00:00,0.0,0.0,0.14285714285714285,0.7142857142857143,1.4285714285714286,7.142857142857143,20.714285714285715,29.142857142857142,26.0,10.142857142857142
2021-05-23T00:00:00,0.0,0.0,0.14285714285714285,0.5714285714285714,1.4285714285714286,6.857142857142857,20.142857142857142,27.428571428571427,23.857142857142858,10.0
2021-05-24T00:00:00,0.0,0.0,0.0,0.42857142857142855,1.5714285714285714,6.285714285714286,20.142857142857142,26.0,23.857142857142858,10.428571428571429
2021-05-25T00:00:00,0.0,0.0,0.0,0.2857142857142857,1.1428571428571428,6.285714285714286,19.142857142857142,23.857142857142858,22.714285714285715,10.142857142857142
2021-05-26T00:00:00,0.0,0.0,0.0,0.42857142857142855,1.1428571428571428,6.285714285714286,17.714285714285715,21.714285714285715,20.571428571428573,10.0
2021-05-27T00:00:00,0.0,0.0,0.0,0.2857142857142857,0.8571428571428571,6.285714285714286,16.714285714285715,21.428571428571427,19.285714285714285,9.571428571428571
2021-05-28T00:00:00,0.0,0.0,0.0,0.42857142857142855,1.2857142857142858,5.857142857142857,14.571428571428571,20.857142857142858,18.857142857142858,8.428571428571429
2021-05-29T00:00:00,0.0,0.0,0.0,0.42857142857142855,1.2857142857142858,5.285714285714286,12.714285714285714,19.428571428571427,17.142857142857142,8.142857142857142
2021-05-30T00:00:00,0.0,0.14285714285714285,0.0,0.5714285714285714,1.1428571428571428,5.285714285714286,11.142857142857142,18.571428571428573,17.428571428571427,7.571428571428571
2021-05-31T00:00:00,0.14285714285714285,0.14285714285714285,0.14285714285714285,0.5714285714285714,1.0,5.142857142857143,11.142857142857142,18.0,14.714285714285714,6.714285714285714
2021-06-01T00:00:00,0.14285714285714285,0.14285714285714285,0.14285714285714285,0.8571428571428571,0.8571428571428571,4.571428571428571,10.714285714285714,18.0,13.857142857142858,6.428571428571429
2021-06-02T00:00:00,0.14285714285714285,0.14285714285714285,0.14285714285714285,0.7142857142857143,0.7142857142857143,4.285714285714286,10.571428571428571,18.428571428571427,14.428571428571429,6.428571428571429
2021-06-03T00:00:00,0.14285714285714285,0.14285714285714285,0.14285714285714285,0.7142857142857143,0.7142857142857143,3.857142857142857,10.0,18.714285714285715,15.428571428571429,6.285714285714286
2021-06-04T00:00:00,0.14285714285714285,0.14285714285714285,0.14285714285714285,0.42857142857142855,0.2857142857142857,3.5714285714285716,9.714285714285714,17.428571428571427,14.714285714285714,6.571428571428571
2021-06-05T00:00:00,0.14285714285714285,0.14285714285714285,0.14285714285714285,0.5714285714285714,0.2857142857142857,3.7142857142857144,9.142857142857142,17.142857142857142,14.0,7.571428571428571
2021-06-06T00:00:00,0.14285714285714285,0.0,0.14285714285714285,0.5714285714285714,0.42857142857142855,3.142857142857143,9.0,14.714285714285714,12.142857142857142,7.428571428571429
2021-06-07T00:00:00,0.0,0.0,0.0,0.8571428571428571,0.42857142857142855,3.142857142857143,7.285714285714286,14.428571428571429,12.285714285714286,7.0
2021-06-08T00:00:00,0.0,0.0,0.14285714285714285,0.5714285714285714,0.42857142857142855,3.4285714285714284,7.0,13.0,11.285714285714286,6.428571428571429
2021-06-09T00:00:00,0.0,0.0,0.14285714285714285,0.5714285714285714,0.5714285714285714,3.2857142857142856,6.857142857142857,11.285714285714286,9.571428571428571,6.142857142857143
2021-06-10T00:00:00,0.0,0.0,0.14285714285714285,0.8571428571428571,0.7142857142857143,3.142857142857143,6.142857142857143,10.0,7.857142857142857,5.857142857142857
2021-06-11T00:00:00,0.0,0.14285714285714285,0.14285714285714285,1.0,0.7142857142857143,2.7142857142857144,5.857142857142857,9.0,7.428571428571429,6.142857142857143
2021-06-12T00:00:00,0.0,0.14285714285714285,0.14285714285714285,0.8571428571428571,0.7142857142857143,2.857142857142857,6.285714285714286,8.714285714285714,7.857142857142857,5.142857142857143
2021-06-13T00:00:00,0.0,0.14285714285714285,0.14285714285714285,0.7142857142857143,0.5714285714285714,3.2857142857142856,5.857142857142857,8.0,8.0,5.0
2021-06-14T00:00:00,0.0,0.14285714285714285,0.14285714285714285,0.42857142857142855,0.5714285714285714,3.142857142857143,6.0,7.571428571428571,7.142857142857143,5.142857142857143
2021-06-15T00:00:00,0.0,0.14285714285714285,0.0,0.42857142857142855,0.5714285714285714,2.7142857142857144,5.285714285714286,7.714285714285714,6.714285714285714,4.142857142857143
2021-06-16T00:00:00,0.0,0.14285714285714285,0.0,0.42857142857142855,0.42857142857142855,2.4285714285714284,4.857142857142857,8.428571428571429,6.571428571428571,4.285714285714286
2021-06-17T00:00:00,0.0,0.14285714285714285,0.0,0.14285714285714285,0.2857142857142857,2.0,4.285714285714286,7.428571428571429,6.714285714285714,3.857142857142857
2021-06-18T00:00:00,0.0,0.0,0.0,0.0,0.2857142857142857,2.2857142857142856,4.285714285714286,7.285714285714286,6.857142857142857,3.142857142857143
2021-06-19T00:00:00,0.0,0.0,0.0,0.0,0.42857142857142855,2.2857142857142856,3.4285714285714284,6.857142857142857,6.285714285714286,3.0
2021-06-20T00:00:00,0.0,0.0,0.0,0.0,0.42857142857142855,1.7142857142857142,4.142857142857143,7.285714285714286,5.428571428571429,2.4285714285714284
2021-06-21T00:00:00,0.0,0.0,0.0,0.0,0.2857142857142857,1.7142857142857142,4.0,6.428571428571429,5.428571428571429,1.8571428571428572
2021-06-22T00:00:00,0.0,0.0,0.0,0.0,0.2857142857142857,1.4285714285714286,4.0,6.285714285714286,5.714285714285714,2.2857142857142856
2021-06-23T00:00:00,0.0,0.0,0.0,0.0,0.42857142857142855,1.7142857142857142,3.5714285714285716,5.428571428571429,5.285714285714286,2.0
2021-06-24T00:00:00,0.0,0.0,0.0,0.14285714285714285,0.42857142857142855,1.8571428571428572,3.857142857142857,5.428571428571429,4.857142857142857,1.8571428571428572
2021-06-25T00:00:00,0.0,0.0,0.0,0.2857142857142857,0.42857142857142855,1.7142857142857142,3.142857142857143,5.142857142857143,4.571428571428571,1.7142857142857142
2021-06-26T00:00:00,0.0,0.0,0.0,0.2857142857142857,0.14285714285714285,1.5714285714285714,3.0,5.142857142857143,4.142857142857143,1.7142857142857142
2021-06-27T00:00:00,0.0,0.0,0.0,0.2857142857142857,0.14285714285714285,1.5714285714285714,2.142857142857143,4.571428571428571,4.571428571428571,1.7142857142857142
2021-06-28T00:00:00,0.0,0.0,0.0,0.42857142857142855,0.14285714285714285,1.7142857142857142,1.8571428571428572,4.428571428571429,4.571428571428571,1.8571428571428572
2021-06-29T00:00:00,0.0,0.0,0.0,0.42857142857142855,0.14285714285714285,2.0,2.142857142857143,3.857142857142857,3.857142857142857,1.5714285714285714
2021-06-30T00:00:00,0.0,0.0,0.0,0.42857142857142855,0.0,2.0,2.142857142857143,3.5714285714285716,4.0,1.4285714285714286
2021-07-01T00:00:00,0.0,0.0,0.0,0.2857142857142857,0.0,2.0,2.2857142857142856,3.2857142857142856,3.5714285714285716,1.2857142857142858
2021-07-02T00:00:00,0.0,0.0,0.0,0.14285714285714285,0.14285714285714285,2.0,2.2857142857142856,2.857142857142857,3.142857142857143,1.1428571428571428
2021-07-03T00:00:00,0.0,0.0,0.0,0.14285714285714285,0.14285714285714285,1.8571428571428572,2.142857142857143,2.142857142857143,3.2857142857142856,1.2857142857142858
2021-07-04T00:00:00,0.0,0.0,0.0,0.14285714285714285,0.2857142857142857,2.2857142857142856,2.142857142857143,1.8571428571428572,2.7142857142857144,1.2857142857142858
2021-07-05T00:00:00,0.0,0.0,0.0,0.0,0.2857142857142857,2.2857142857142856,2.0,1.8571428571428572,2.5714285714285716,1.4285714285714286
2021-07-06T00:00:00,0.0,0.0,0.0,0.0,0.42857142857142855,2.0,1.4285714285714286,2.7142857142857144,2.142857142857143,1.4285714285714286
2021-07-07T00:00:00,0.0,0.0,0.0,0.0,0.42857142857142855,1.8571428571428572,1.2857142857142858,3.0,2.0,1.2857142857142858
2021-07-08T00:00:00,0.0,0.0,0.0,0.0,0.42857142857142855,1.8571428571428572,0.7142857142857143,3.142857142857143,2.142857142857143,1.4285714285714286
2021-07-09T00:00:00,0.0,0.0,0.0,0.0,0.2857142857142857,1.5714285714285714,0.7142857142857143,3.5714285714285716,2.0,1.5714285714285714
2021-07-10T00:00:00,0.0,0.0,0.0,0.0,0.42857142857142855,1.4285714285714286,0.7142857142857143,4.142857142857143,2.142857142857143,1.2857142857142858
2021-07-11T00:00:00,0.0,0.0,0.0,0.0,0.42857142857142855,0.8571428571428571,0.42857142857142855,4.571428571428571,2.142857142857143,1.2857142857142858
2021-07-12T00:00:00,0.14285714285714285,0.0,0.0,0.0,0.42857142857142855,0.5714285714285714,0.2857142857142857,4.571428571428571,2.2857142857142856,1.0
2021-07-13T00:00:00,0.14285714285714285,0.0,0.0,0.0,0.2857142857142857,0.42857142857142855,0.42857142857142855,3.5714285714285716,2.857142857142857,1.0
2021-07-14T00:00:00,0.14285714285714285,0.0,0.0,0.0,0.2857142857142857,0.42857142857142855,0.42857142857142855,3.0,3.142857142857143,1.0
2021-07-15T00:00:00,0.14285714285714285,0.0,0.0,0.0,0.2857142857142857,0.2857142857142857,0.42857142857142855,2.857142857142857,3.2857142857142856,1.2857142857142858
2021-07-16T00:00:00,0.14285714285714285,0.0,0.0,0.0,0.2857142857142857,0.5714285714285714,0.42857142857142855,2.2857142857142856,3.4285714285714284,1.7142857142857142
2021-07-17T00:00:00,0.14285714285714285,0.0,0.0,0.0,0.2857142857142857,0.7142857142857143,1.0,1.7142857142857142,3.0,2.0
2021-07-18T00:00:00,0.14285714285714285,0.0,0.0,0.0,0.14285714285714285,0.7142857142857143,1.1428571428571428,1.5714285714285714,3.2857142857142856,2.0
2021-07-19T00:00:00,0.0,0.0,0.0,0.0,0.2857142857142857,0.8571428571428571,1.2857142857142858,1.4285714285714286,3.2857142857142856,2.0
2021-07-20T00:00:00,0.0,0.0,0.0,0.0,0.42857142857142855,1.0,1.5714285714285714,1.4285714285714286,3.142857142857143,1.8571428571428572
2021-07-21T00:00:00,0.0,0.0,0.0,0.0,0.42857142857142855,1.0,1.4285714285714286,2.0,3.0,2.0
2021-07-22T00:00:00,0.0,0.0,0.0,0.14285714285714285,0.42857142857142855,1.1428571428571428,2.0,1.7142857142857142,2.857142857142857,1.7142857142857142
2021-07-23T00:00:00,0.0,0.14285714285714285,0.0,0.14285714285714285,0.42857142857142855,1.0,2.0,1.8571428571428572,3.5714285714285716,1.7142857142857142
2021-07-24T00:00:00,0.0,0.14285714285714285,0.0,0.14285714285714285,0.2857142857142857,0.8571428571428571,1.5714285714285714,1.8571428571428572,3.2857142857142856,1.5714285714285714
2021-07-25T00:00:00,0.0,0.14285714285714285,0.0,0.14285714285714285,0.2857142857142857,0.8571428571428571,1.5714285714285714,2.142857142857143,3.5714285714285716,1.7142857142857142
2021-07-26T00:00:00,0.0,0.14285714285714285,0.0,0.2857142857142857,0.2857142857142857,0.7142857142857143,1.4285714285714286,2.2857142857142856,3.4285714285714284,1.7142857142857142
2021-07-27T00:00:00,0.0,0.14285714285714285,0.0,0.2857142857142857,0.2857142857142857,0.5714285714285714,1.1428571428571428,2.857142857142857,3.4285714285714284,2.142857142857143
2021-07-28T00:00:00,0.0,0.14285714285714285,0.0,0.2857142857142857,0.2857142857142857,0.8571428571428571,1.1428571428571428,2.5714285714285716,3.4285714285714284,2.7142857142857144
2021-07-29T00:00:00,0.0,0.14285714285714285,0.0,0.14285714285714285,0.2857142857142857,0.7142857142857143,0.7142857142857143,3.2857142857142856,4.0,2.7142857142857144
2021-07-30T00:00:00,0.0,0.0,0.0,0.14285714285714285,0.42857142857142855,0.7142857142857143,0.7142857142857143,4.285714285714286,3.857142857142857,2.2857142857142856
2021-07-31T00:00:00,0.0,0.0,0.0,0.14285714285714285,0.5714285714285714,0.8571428571428571,1.2857142857142858,4.428571428571429,4.714285714285714,2.4285714285714284
2021-08-01T00:00:00,0.0,0.0,0.0,0.14285714285714285,0.7142857142857143,1.0,1.1428571428571428,4.285714285714286,5.0,2.5714285714285716
2021-08-02T00:00:00,0.0,0.0,0.0,0.0,0.8571428571428571,1.1428571428571428,1.2857142857142858,4.714285714285714,5.428571428571429,3.142857142857143
2021-08-03T00:00:00,0.0,0.0,0.0,0.0,1.0,1.5714285714285714,1.4285714285714286,4.571428571428571,6.285714285714286,3.2857142857142856
2021-08-04T00:00:00,0.0,0.0,0.0,0.0,1.1428571428571428,1.1428571428571428,1.5714285714285714,4.714285714285714,6.857142857142857,3.0
2021-08-05T00:00:00,0.0,0.0,0.0,0.0,1.2857142857142858,1.1428571428571428,1.8571428571428572,4.142857142857143,6.857142857142857,3.142857142857143
2021-08-06T00:00:00,0.0,0.0,0.0,0.0,1.2857142857142858,1.0,1.8571428571428572,3.4285714285714284,7.142857142857143,3.4285714285714284
2021-08-07T00:00:00,0.0,0.0,0.0,0.14285714285714285,1.2857142857142858,1.1428571428571428,1.5714285714285714,4.0,8.428571428571429,3.5714285714285716
2021-08-08T00:00:00,0.0,0.0,0.14285714285714285,0.14285714285714285,1.2857142857142858,1.1428571428571428,2.0,4.571428571428571,8.714285714285714,3.5714285714285716
2021-08-09T00:00:00,0.0,0.0,0.14285714285714285,0.14285714285714285,1.0,1.2857142857142858,2.5714285714285716,5.0,9.571428571428571,3.5714285714285716
2021-08-10T00:00:00,0.0,0.0,0.14285714285714285,0.14285714285714285,0.8571428571428571,1.4285714285714286,3.0,5.714285714285714,9.571428571428571,3.857142857142857
2021-08-11T00:00:00,0.0,0.0,0.14285714285714285,0.14285714285714285,0.7142857142857143,1.7142857142857142,3.2857142857142856,6.142857142857143,9.857142857142858,4.285714285714286
2021-08-12T00:00:00,0.0,0.0,0.14285714285714285,0.14285714285714285,0.7142857142857143,2.142857142857143,3.5714285714285716,6.857142857142857,9.857142857142858,4.571428571428571
2021-08-13T00:00:00,0.0,0.0,0.14285714285714285,0.14285714285714285,0.7142857142857143,2.5714285714285716,4.428571428571429,8.285714285714286,10.428571428571429,5.0
2021-08-14T00:00:00,0.0,0.0,0.14285714285714285,0.2857142857142857,0.7142857142857143,2.5714285714285716,4.857142857142857,8.285714285714286,10.142857142857142,4.714285714285714
2021-08-15T00:00:00,0.0,0.0,0.0,0.2857142857142857,0.7142857142857143,2.7142857142857144,5.428571428571429,8.428571428571429,10.571428571428571,5.285714285714286
2021-08-16T00:00:00,0.0,0.0,0.0,0.2857142857142857,0.8571428571428571,2.7142857142857144,5.0,9.142857142857142,10.714285714285714,5.714285714285714
2021-08-17T00:00:00,0.0,0.0,0.0,0.2857142857142857,0.7142857142857143,2.142857142857143,5.0,8.428571428571429,10.714285714285714,5.428571428571429
2021-08-18T00:00:00,0.0,0.0,0.0,0.2857142857142857,0.8571428571428571,2.5714285714285716,5.142857142857143,9.285714285714286,10.857142857142858,5.142857142857143
2021-08-19T00:00:00,0.0,0.0,0.0,0.2857142857142857,0.7142857142857143,2.4285714285714284,4.857142857142857,9.0,12.0,5.571428571428571
2021-08-20T00:00:00,0.0,0.0,0.0,0.42857142857142855,0.8571428571428571,2.857142857142857,4.428571428571429,8.571428571428571,11.571428571428571,5.571428571428571
2021-08-21T00:00:00,0.0,0.0,0.0,0.14285714285714285,0.8571428571428571,2.857142857142857,4.571428571428571,9.285714285714286,11.714285714285714,6.0
2021-08-22T00:00:00,0.0,0.0,0.0,0.2857142857142857,0.8571428571428571,2.857142857142857,4.571428571428571,8.428571428571429,10.714285714285714,5.857142857142857
2021-08-23T00:00:00,0.0,0.0,0.0,0.2857142857142857,0.7142857142857143,2.857142857142857,5.285714285714286,7.571428571428571,11.0,5.857142857142857
2021-08-24T00:00:00,0.0,0.0,0.0,0.2857142857142857,0.8571428571428571,3.0,5.714285714285714,7.428571428571429,10.285714285714286,6.0
