Gruppo,Data_diagnosi_da,Data_diagnosi_a,Age,Non_vaccinati,Vaccinati_ciclo_incompleto,Vaccinati_ciclo_completo,Vaccinati_ciclo_completo_booster
Diagnosi,2021-06-11,2021-07-11,12_39,13549,1243,528,
Diagnosi,2021-06-11,2021-07-11,40_59,5747,1586,727,
Diagnosi,2021-06-11,2021-07-11,60_79,1491,1067,568,
Diagnosi,2021-06-11,2021-07-11,80+,302,58,487,
Ospedalizzazioni,2021-06-04,2021-07-04,12_39,513,11,4,
Ospedalizzazioni,2021-06-04,2021-07-04,40_59,779,51,24,
Ospedalizzazioni,2021-06-04,2021-07-04,60_79,420,151,70,
Ospedalizzazioni,2021-06-04,2021-07-04,80+,168,27,142,
Ricoveri_TI,2021-06-04,2021-07-04,12_39,13,0,0,
Ricoveri_TI,2021-06-04,2021-07-04,40_59,66,3,0,
Ricoveri_TI,2021-06-04,2021-07-04,60_79,47,17,2,
Ricoveri_TI,2021-06-04,2021-07-04,80+,21,0,5,
Decessi,2021-05-21,2021-06-20,12_39,7,1,0,
Decessi,2021-05-21,2021-06-20,40_59,45,4,1,
Decessi,2021-05-21,2021-06-20,60_79,158,46,12,
Decessi,2021-05-21,2021-06-20,80+,147,21,55,
Diagnosi,2021-06-18,2021-07-18,12_39,19080,3313,1167,
Diagnosi,2021-06-18,2021-07-18,40_59,5457,2357,1256,
Diagnosi,2021-06-18,2021-07-18,60_79,1446,1090,830,
Diagnosi,2021-06-18,2021-07-18,80+,301,53,552,
Ospedalizzazioni,2021-06-11,2021-07-11,12_39,485,18,9,
Ospedalizzazioni,2021-06-11,2021-07-11,40_59,556,50,22,
Ospedalizzazioni,2021-06-11,2021-07-11,60_79,317,113,65,
Ospedalizzazioni,2021-06-11,2021-07-11,80+,125,18,128,
Ricoveri_TI,2021-06-11,2021-07-11,12_39,11,0,0,
Ricoveri_TI,2021-06-11,2021-07-11,40_59,52,0,0,
Ricoveri_TI,2021-06-11,2021-07-11,60_79,42,13,4,
Ricoveri_TI,2021-06-11,2021-07-11,80+,12,1,4,
Decessi,2021-05-28,2021-06-27,12_39,3,1,0,
Decessi,2021-05-28,2021-06-27,40_59,38,4,1,
Decessi,2021-05-28,2021-06-27,60_79,103,30,10,
Decessi,2021-05-28,2021-06-27,80+,106,12,35,
Diagnosi,2021-06-25,2021-07-25,12_39,30626,6829,2291,
Diagnosi,2021-06-25,2021-07-25,40_59,7782,3717,2598,
Diagnosi,2021-06-25,2021-07-25,60_79,1951,1423,1545,
Diagnosi,2021-06-25,2021-07-25,80+,370,63,843,
Ospedalizzazioni,2021-06-18,2021-07-18,12_39,616,37,13,
Ospedalizzazioni,2021-06-18,2021-07-18,40_59,548,60,37,
Ospedalizzazioni,2021-06-18,2021-07-18,60_79,332,108,87,
Ospedalizzazioni,2021-06-18,2021-07-18,80+,123,11,143,
Ricoveri_TI,2021-06-18,2021-07-18,12_39,15,0,0,
Ricoveri_TI,2021-06-18,2021-07-18,40_59,48,0,2,
Ricoveri_TI,2021-06-18,2021-07-18,60_79,45,10,8,
Ricoveri_TI,2021-06-18,2021-07-18,80+,15,1,6,
Decessi,2021-06-04,2021-07-04,12_39,4,0,0,
Decessi,2021-06-04,2021-07-04,40_59,30,2,1,
Decessi,2021-06-04,2021-07-04,60_79,67,22,7,
Decessi,2021-06-04,2021-07-04,80+,68,6,30,
Diagnosi,2021-07-02,2021-08-01,12_39,45110,10523,3714,
Diagnosi,2021-07-02,2021-08-01,40_59,11774,5001,4511,
Diagnosi,2021-07-02,2021-08-01,60_79,2849,1813,2770,
Diagnosi,2021-07-02,2021-08-01,80+,534,83,1338,
Ospedalizzazioni,2021-06-25,2021-07-25,12_39,870,62,26,
Ospedalizzazioni,2021-06-25,2021-07-25,40_59,755,80,60,
Ospedalizzazioni,2021-06-25,2021-07-25,60_79,453,133,131,
Ospedalizzazioni,2021-06-25,2021-07-25,80+,156,17,187,
Ricoveri_TI,2021-06-25,2021-07-25,12_39,26,0,0,
Ricoveri_TI,2021-06-25,2021-07-25,40_59,55,2,4,
Ricoveri_TI,2021-06-25,2021-07-25,60_79,74,9,13,
Ricoveri_TI,2021-06-25,2021-07-25,80+,14,0,6,
Decessi,2021-06-11,2021-07-11,12_39,2,0,0,
Decessi,2021-06-11,2021-07-11,40_59,26,0,0,
Decessi,2021-06-11,2021-07-11,60_79,52,14,5,
Decessi,2021-06-11,2021-07-11,80+,48,4,29,
Diagnosi,2021-07-09,2021-08-08,12_39,58875,13561,5552,
Diagnosi,2021-07-09,2021-08-08,40_59,16853,5801,6873,
Diagnosi,2021-07-09,2021-08-08,60_79,4101,2104,4445,
Diagnosi,2021-07-09,2021-08-08,80+,756,104,2017,
Ospedalizzazioni,2021-07-02,2021-08-01,12_39,1129,93,34,
Ospedalizzazioni,2021-07-02,2021-08-01,40_59,1081,101,89,
Ospedalizzazioni,2021-07-02,2021-08-01,60_79,637,160,210,
Ospedalizzazioni,2021-07-02,2021-08-01,80+,220,26,294,
Ricoveri_TI,2021-07-02,2021-08-01,12_39,42,2,0,
Ricoveri_TI,2021-07-02,2021-08-01,40_59,82,6,6,
Ricoveri_TI,2021-07-02,2021-08-01,60_79,104,13,17,
Ricoveri_TI,2021-07-02,2021-08-01,80+,19,1,11,
Decessi,2021-06-18,2021-07-18,12_39,1,0,0,
Decessi,2021-06-18,2021-07-18,40_59,24,2,0,
Decessi,2021-06-18,2021-07-18,60_79,64,7,6,
Decessi,2021-06-18,2021-07-18,80+,54,5,28,
Diagnosi,2021-07-16,2021-08-15,12_39,67101,14327,7195,
Diagnosi,2021-07-16,2021-08-15,40_59,21581,5897,9003,
Diagnosi,2021-07-16,2021-08-15,60_79,5553,2221,6079,
Diagnosi,2021-07-16,2021-08-15,80+,1026,123,2701,
Ospedalizzazioni,2021-07-09,2021-08-08,12_39,1373,110,57,
Ospedalizzazioni,2021-07-09,2021-08-08,40_59,1455,125,121,
Ospedalizzazioni,2021-07-09,2021-08-08,60_79,893,176,325,
Ospedalizzazioni,2021-07-09,2021-08-08,80+,331,33,456,
Ricoveri_TI,2021-07-09,2021-08-08,12_39,49,2,0,
Ricoveri_TI,2021-07-09,2021-08-08,40_59,121,8,7,
Ricoveri_TI,2021-07-09,2021-08-08,60_79,140,11,36,
Ricoveri_TI,2021-07-09,2021-08-08,80+,24,1,18,
Decessi,2021-06-25,2021-07-25,12_39,4,0,0,
Decessi,2021-06-25,2021-07-25,40_59,28,5,2,
Decessi,2021-06-25,2021-07-25,60_79,80,9,6,
Decessi,2021-06-25,2021-07-25,80+,65,5,40,
Diagnosi,2021-07-23,2021-08-22,12_39,70440,14014,9428,
Diagnosi,2021-07-23,2021-08-22,40_59,25710,5486,12300,
Diagnosi,2021-07-23,2021-08-22,60_79,6934,2052,8454,
Diagnosi,2021-07-23,2021-08-22,80+,1321,151,3712,
Ospedalizzazioni,2021-07-16,2021-08-15,12_39,1578,120,74,
Ospedalizzazioni,2021-07-16,2021-08-15,40_59,1906,138,166,
Ospedalizzazioni,2021-07-16,2021-08-15,60_79,1257,204,461,
Ospedalizzazioni,2021-07-16,2021-08-15,80+,421,47,648,
Ricoveri_TI,2021-07-16,2021-08-15,12_39,57,4,1,
Ricoveri_TI,2021-07-16,2021-08-15,40_59,189,9,13,
Ricoveri_TI,2021-07-16,2021-08-15,60_79,224,15,49,
Ricoveri_TI,2021-07-16,2021-08-15,80+,30,2,32,
Decessi,2021-07-02,2021-08-01,12_39,3,0,0,
Decessi,2021-07-02,2021-08-01,40_59,32,5,3,
Decessi,2021-07-02,2021-08-01,60_79,110,13,18,
Decessi,2021-07-02,2021-08-01,80+,101,9,71,
Diagnosi,2021-07-30,2021-08-29,12_39,69504,12217,11097,
Diagnosi,2021-07-30,2021-08-29,40_59,28701,4766,14601,
Diagnosi,2021-07-30,2021-08-29,60_79,8139,1785,10274,
Diagnosi,2021-07-30,2021-08-29,80+,1593,157,4408,
Ospedalizzazioni,2021-07-23,2021-08-22,12_39,1626,105,93,
Ospedalizzazioni,2021-07-23,2021-08-22,40_59,2235,130,213,
Ospedalizzazioni,2021-07-23,2021-08-22,60_79,1562,195,607,
Ospedalizzazioni,2021-07-23,2021-08-22,80+,565,50,875,
Ricoveri_TI,2021-07-23,2021-08-22,12_39,62,5,2,
Ricoveri_TI,2021-07-23,2021-08-22,40_59,249,8,19,
Ricoveri_TI,2021-07-23,2021-08-22,60_79,286,15,66,
Ricoveri_TI,2021-07-23,2021-08-22,80+,44,3,40,
Decessi,2021-07-09,2021-08-08,12_39,4,0,0,
Decessi,2021-07-09,2021-08-08,40_59,56,6,8,
Decessi,2021-07-09,2021-08-08,60_79,164,18,40,
Decessi,2021-07-09,2021-08-08,80+,159,13,139,
Diagnosi,2021-08-06,2021-09-05,12_39,64612,10267,11719,
Diagnosi,2021-08-06,2021-09-05,40_59,29879,4232,15993,
Diagnosi,2021-08-06,2021-09-05,60_79,8631,1467,11201,
Diagnosi,2021-08-06,2021-09-05,80+,1768,163,4862,
Ospedalizzazioni,2021-07-30,2021-08-29,12_39,1711,92,105,
Ospedalizzazioni,2021-07-30,2021-08-29,40_59,2459,122,258,
Ospedalizzazioni,2021-07-30,2021-08-29,60_79,1771,187,736,
Ospedalizzazioni,2021-07-30,2021-08-29,80+,638,49,1019,
Ricoveri_TI,2021-07-30,2021-08-29,12_39,63,3,3,
Ricoveri_TI,2021-07-30,2021-08-29,40_59,275,8,17,
Ricoveri_TI,2021-07-30,2021-08-29,60_79,331,16,91,
Ricoveri_TI,2021-07-30,2021-08-29,80+,43,3,46,
Decessi,2021-07-16,2021-08-15,12_39,7,1,0,
Decessi,2021-07-16,2021-08-15,40_59,85,8,10,
Decessi,2021-07-16,2021-08-15,60_79,257,27,62,
Decessi,2021-07-16,2021-08-15,80+,222,15,208,
Diagnosi,2021-08-13,2021-09-12,12_39,57228,8599,11700,
Diagnosi,2021-08-13,2021-09-12,40_59,29184,3794,16554,
Diagnosi,2021-08-13,2021-09-12,60_79,8629,1171,11620,
Diagnosi,2021-08-13,2021-09-12,80+,1859,164,5116,
Ospedalizzazioni,2021-08-06,2021-09-05,12_39,1705,76,111,
Ospedalizzazioni,2021-08-06,2021-09-05,40_59,2528,116,283,
Ospedalizzazioni,2021-08-06,2021-09-05,60_79,1903,163,792,
Ospedalizzazioni,2021-08-06,2021-09-05,80+,705,49,1145,
Ricoveri_TI,2021-08-06,2021-09-05,12_39,73,2,4,
Ricoveri_TI,2021-08-06,2021-09-05,40_59,295,7,15,
Ricoveri_TI,2021-08-06,2021-09-05,60_79,366,16,88,
Ricoveri_TI,2021-08-06,2021-09-05,80+,52,2,56,
Decessi,2021-07-23,2021-08-22,12_39,9,1,2,
Decessi,2021-07-23,2021-08-22,40_59,114,6,15,
Decessi,2021-07-23,2021-08-22,60_79,353,31,100,
Decessi,2021-07-23,2021-08-22,80+,294,20,288,
Diagnosi,2021-08-20,2021-09-19,12_39,49207,7216,11040,
Diagnosi,2021-08-20,2021-09-19,40_59,26851,3406,16128,
Diagnosi,2021-08-20,2021-09-19,60_79,8275,957,11646,
Diagnosi,2021-08-20,2021-09-19,80+,1800,156,5236,
Ospedalizzazioni,2021-08-13,2021-09-12,12_39,1646,80,118,
Ospedalizzazioni,2021-08-13,2021-09-12,40_59,2539,109,304,
Ospedalizzazioni,2021-08-13,2021-09-12,60_79,1883,129,827,
Ospedalizzazioni,2021-08-13,2021-09-12,80+,714,49,1207,
Ricoveri_TI,2021-08-13,2021-09-12,12_39,76,1,4,
Ricoveri_TI,2021-08-13,2021-09-12,40_59,300,7,17,
Ricoveri_TI,2021-08-13,2021-09-12,60_79,355,16,95,
Ricoveri_TI,2021-08-13,2021-09-12,80+,44,2,57,
Decessi,2021-07-30,2021-08-29,12_39,13,1,2,
Decessi,2021-07-30,2021-08-29,40_59,127,5,16,
Decessi,2021-07-30,2021-08-29,60_79,399,34,127,
Decessi,2021-07-30,2021-08-29,80+,338,17,364,
Diagnosi,2021-08-27,2021-09-26,12_39,38923,5571,9701,
Diagnosi,2021-08-27,2021-09-26,40_59,22971,2808,14602,
Diagnosi,2021-08-27,2021-09-26,60_79,7353,760,10901,
Diagnosi,2021-08-27,2021-09-26,80+,1653,145,4856,
Ospedalizzazioni,2021-08-20,2021-09-19,12_39,1427,75,102,
Ospedalizzazioni,2021-08-20,2021-09-19,40_59,2310,91,307,
Ospedalizzazioni,2021-08-20,2021-09-19,60_79,1750,113,834,
Ospedalizzazioni,2021-08-20,2021-09-19,80+,673,51,1175,
Ricoveri_TI,2021-08-20,2021-09-19,12_39,67,1,4,
Ricoveri_TI,2021-08-20,2021-09-19,40_59,277,6,17,
Ricoveri_TI,2021-08-20,2021-09-19,60_79,335,14,99,
Ricoveri_TI,2021-08-20,2021-09-19,80+,38,0,54,
Decessi,2021-08-06,2021-09-05,12_39,15,1,2,
Decessi,2021-08-06,2021-09-05,40_59,135,5,16,
Decessi,2021-08-06,2021-09-05,60_79,425,33,145,
Decessi,2021-08-06,2021-09-05,80+,352,18,402,
Diagnosi,2021-09-03,2021-10-03,12_39,30097,4044,8696,
Diagnosi,2021-09-03,2021-10-03,40_59,18899,2185,13201,
Diagnosi,2021-09-03,2021-10-03,60_79,6396,588,10032,
Diagnosi,2021-09-03,2021-10-03,80+,1416,135,4600,
Ospedalizzazioni,2021-08-27,2021-09-26,12_39,1162,63,89,
Ospedalizzazioni,2021-08-27,2021-09-26,40_59,1938,83,258,
Ospedalizzazioni,2021-08-27,2021-09-26,60_79,1535,83,794,
Ospedalizzazioni,2021-08-27,2021-09-26,80+,589,49,1127,
Ricoveri_TI,2021-08-27,2021-09-26,12_39,52,1,2,
Ricoveri_TI,2021-08-27,2021-09-26,40_59,234,5,20,
Ricoveri_TI,2021-08-27,2021-09-26,60_79,282,8,96,
Ricoveri_TI,2021-08-27,2021-09-26,80+,36,1,55,
Decessi,2021-08-13,2021-09-12,12_39,16,1,2,
Decessi,2021-08-13,2021-09-12,40_59,127,2,12,
Decessi,2021-08-13,2021-09-12,60_79,402,27,153,
Decessi,2021-08-13,2021-09-12,80+,343,18,413,
Diagnosi,2021-09-10,2021-10-10,12_39,23744,2996,7964,
Diagnosi,2021-09-10,2021-10-10,40_59,15463,1729,12075,
Diagnosi,2021-09-10,2021-10-10,60_79,5368,505,9310,
Diagnosi,2021-09-10,2021-10-10,80+,1215,122,4147,
Ospedalizzazioni,2021-09-03,2021-10-03,12_39,905,62,96,
Ospedalizzazioni,2021-09-03,2021-10-03,40_59,1568,69,247,
Ospedalizzazioni,2021-09-03,2021-10-03,60_79,1312,64,752,
Ospedalizzazioni,2021-09-03,2021-10-03,80+,489,50,1038,
Ricoveri_TI,2021-09-03,2021-10-03,12_39,41,1,1,
Ricoveri_TI,2021-09-03,2021-10-03,40_59,198,4,19,
Ricoveri_TI,2021-09-03,2021-10-03,60_79,248,7,86,
Ricoveri_TI,2021-09-03,2021-10-03,80+,28,1,49,
Decessi,2021-08-20,2021-09-19,12_39,11,1,1,
Decessi,2021-08-20,2021-09-19,40_59,105,1,12,
Decessi,2021-08-20,2021-09-19,60_79,335,25,153,
Decessi,2021-08-20,2021-09-19,80+,324,24,412,
Diagnosi,2021-09-17,2021-10-17,12_39,18282,2230,7601,
Diagnosi,2021-09-17,2021-10-17,40_59,12624,1342,11499,
Diagnosi,2021-09-17,2021-10-17,60_79,4301,444,8636,
Diagnosi,2021-09-17,2021-10-17,80+,987,111,3778,
Ospedalizzazioni,2021-09-10,2021-10-10,12_39,694,47,80,
Ospedalizzazioni,2021-09-10,2021-10-10,40_59,1185,58,218,
Ospedalizzazioni,2021-09-10,2021-10-10,60_79,1071,53,701,
Ospedalizzazioni,2021-09-10,2021-10-10,80+,446,39,955,
Ricoveri_TI,2021-09-10,2021-10-10,12_39,39,2,1,
Ricoveri_TI,2021-09-10,2021-10-10,40_59,153,3,15,
Ricoveri_TI,2021-09-10,2021-10-10,60_79,200,4,83,
Ricoveri_TI,2021-09-10,2021-10-10,80+,22,1,46,
Decessi,2021-08-27,2021-09-26,12_39,7,3,0,
Decessi,2021-08-27,2021-09-26,40_59,79,1,8,
Decessi,2021-08-27,2021-09-26,60_79,270,17,139,
Decessi,2021-08-27,2021-09-26,80+,280,21,364,
Diagnosi,2021-09-24,2021-10-24,12_39,16714,1725,8300,
Diagnosi,2021-09-24,2021-10-24,40_59,12266,1176,12623,
Diagnosi,2021-09-24,2021-10-24,60_79,4207,426,9175,
Diagnosi,2021-09-24,2021-10-24,80+,941,94,4033,
Ospedalizzazioni,2021-09-17,2021-10-17,12_39,557,38,79,
Ospedalizzazioni,2021-09-17,2021-10-17,40_59,989,42,192,
Ospedalizzazioni,2021-09-17,2021-10-17,60_79,910,52,650,
Ospedalizzazioni,2021-09-17,2021-10-17,80+,389,39,894,
Ricoveri_TI,2021-09-17,2021-10-17,12_39,31,3,0,
Ricoveri_TI,2021-09-17,2021-10-17,40_59,111,4,16,
Ricoveri_TI,2021-09-17,2021-10-17,60_79,170,6,67,
Ricoveri_TI,2021-09-17,2021-10-17,80+,20,1,45,
Decessi,2021-09-03,2021-10-03,12_39,4,3,1,
Decessi,2021-09-03,2021-10-03,40_59,58,2,10,
Decessi,2021-09-03,2021-10-03,60_79,222,13,113,
Decessi,2021-09-03,2021-10-03,80+,227,22,337,
Diagnosi,2021-10-01,2021-10-31,12_39,16805,1478,10123,
Diagnosi,2021-10-01,2021-10-31,40_59,12924,1163,15271,
Diagnosi,2021-10-01,2021-10-31,60_79,4614,471,11006,
Diagnosi,2021-10-01,2021-10-31,80+,1055,95,4591,
Ospedalizzazioni,2021-09-24,2021-10-24,12_39,486,31,90,
Ospedalizzazioni,2021-09-24,2021-10-24,40_59,940,32,219,
Ospedalizzazioni,2021-09-24,2021-10-24,60_79,895,49,737,
Ospedalizzazioni,2021-09-24,2021-10-24,80+,375,33,991,
Ricoveri_TI,2021-09-24,2021-10-24,12_39,30,2,0,
Ricoveri_TI,2021-09-24,2021-10-24,40_59,99,2,14,
Ricoveri_TI,2021-09-24,2021-10-24,60_79,174,7,82,
Ricoveri_TI,2021-09-24,2021-10-24,80+,16,0,44,
Decessi,2021-09-10,2021-10-10,12_39,4,3,3,
Decessi,2021-09-10,2021-10-10,40_59,53,2,9,
Decessi,2021-09-10,2021-10-10,60_79,169,7,102,
Decessi,2021-09-10,2021-10-10,80+,190,15,309,
Diagnosi,2021-10-08,2021-11-07,12_39,18568,1513,13159,21
Diagnosi,2021-10-08,2021-11-07,40_59,15027,1284,19607,48
Diagnosi,2021-10-08,2021-11-07,60_79,5364,551,13882,77
Diagnosi,2021-10-08,2021-11-07,80+,1223,118,5368,140
Ospedalizzazioni,2021-10-01,2021-10-31,12_39,475,22,96,1
Ospedalizzazioni,2021-10-01,2021-10-31,40_59,991,31,252,1
Ospedalizzazioni,2021-10-01,2021-10-31,60_79,985,56,893,9
Ospedalizzazioni,2021-10-01,2021-10-31,80+,439,35,1151,6
Ricoveri_TI,2021-10-01,2021-10-31,12_39,30,1,0,0
Ricoveri_TI,2021-10-01,2021-10-31,40_59,106,2,17,0
Ricoveri_TI,2021-10-01,2021-10-31,60_79,208,6,99,0
Ricoveri_TI,2021-10-01,2021-10-31,80+,26,0,61,1
Decessi,2021-09-17,2021-10-17,12_39,3,2,2,0
Decessi,2021-09-17,2021-10-17,40_59,47,3,9,0
Decessi,2021-09-17,2021-10-17,60_79,149,9,83,0
Decessi,2021-09-17,2021-10-17,80+,162,13,290,0
Diagnosi,2021-10-15,2021-11-14,12_39,23176,1668,19035,44
Diagnosi,2021-10-15,2021-11-14,40_59,19051,1504,27064,103
Diagnosi,2021-10-15,2021-11-14,60_79,6797,657,18926,136
Diagnosi,2021-10-15,2021-11-14,80+,1540,151,6597,254
Ospedalizzazioni,2021-10-08,2021-11-07,12_39,476,25,114,1
Ospedalizzazioni,2021-10-08,2021-11-07,40_59,1055,28,313,2
Ospedalizzazioni,2021-10-08,2021-11-07,60_79,1181,64,1110,17
Ospedalizzazioni,2021-10-08,2021-11-07,80+,508,43,1364,15
Ricoveri_TI,2021-10-08,2021-11-07,12_39,24,1,0,0
Ricoveri_TI,2021-10-08,2021-11-07,40_59,126,4,19,0
Ricoveri_TI,2021-10-08,2021-11-07,60_79,244,8,127,1
Ricoveri_TI,2021-10-08,2021-11-07,80+,30,1,76,1
Decessi,2021-09-24,2021-10-24,12_39,6,0,1,0
Decessi,2021-09-24,2021-10-24,40_59,46,2,11,0
Decessi,2021-09-24,2021-10-24,60_79,173,9,93,0
Decessi,2021-09-24,2021-10-24,80+,159,8,339,0
Diagnosi,2021-10-22,2021-11-21,12_39,28535,1730,26817,90
Diagnosi,2021-10-22,2021-11-21,40_59,23381,1660,36953,220
Diagnosi,2021-10-22,2021-11-21,60_79,8231,701,25642,258
Diagnosi,2021-10-22,2021-11-21,80+,1761,169,7847,401
Ospedalizzazioni,2021-10-15,2021-11-14,12_39,496,30,163,1
Ospedalizzazioni,2021-10-15,2021-11-14,40_59,1264,38,437,6
Ospedalizzazioni,2021-10-15,2021-11-14,60_79,1374,87,1504,32
Ospedalizzazioni,2021-10-15,2021-11-14,80+,599,62,1667,35
Ricoveri_TI,2021-10-15,2021-11-14,12_39,24,0,0,0
Ricoveri_TI,2021-10-15,2021-11-14,40_59,165,3,22,1
Ricoveri_TI,2021-10-15,2021-11-14,60_79,318,12,179,1
Ricoveri_TI,2021-10-15,2021-11-14,80+,39,1,81,1
Decessi,2021-10-01,2021-10-31,12_39,7,0,1,0
Decessi,2021-10-01,2021-10-31,40_59,49,1,17,0
Decessi,2021-10-01,2021-10-31,60_79,193,5,124,0
Decessi,2021-10-01,2021-10-31,80+,200,10,408,5
Diagnosi,2021-10-29,2021-11-28,12_39,35062,2294,36628,173
Diagnosi,2021-10-29,2021-11-28,40_59,28740,2087,48638,390
Diagnosi,2021-10-29,2021-11-28,60_79,9783,952,32567,454
Diagnosi,2021-10-29,2021-11-28,80+,1927,254,8945,693
Ospedalizzazioni,2021-10-22,2021-11-21,12_39,540,29,197,1
Ospedalizzazioni,2021-10-22,2021-11-21,40_59,1462,48,530,13
Ospedalizzazioni,2021-10-22,2021-11-21,60_79,1672,100,1895,49
Ospedalizzazioni,2021-10-22,2021-11-21,80+,728,70,1910,58
Ricoveri_TI,2021-10-22,2021-11-21,12_39,24,0,3,0
Ricoveri_TI,2021-10-22,2021-11-21,40_59,192,4,30,1
Ricoveri_TI,2021-10-22,2021-11-21,60_79,358,11,230,5
Ricoveri_TI,2021-10-22,2021-11-21,80+,44,2,85,2
Decessi,2021-10-08,2021-11-07,12_39,8,0,1,0
Decessi,2021-10-08,2021-11-07,40_59,54,3,21,0
Decessi,2021-10-08,2021-11-07,60_79,221,6,169,1
Decessi,2021-10-08,2021-11-07,80+,232,13,488,10
Diagnosi,2021-11-05,2021-12-05,12_39,43398,2513,47865,296
Diagnosi,2021-11-05,2021-12-05,40_59,35738,2311,62012,632
Diagnosi,2021-11-05,2021-12-05,60_79,11779,1085,39699,710
Diagnosi,2021-11-05,2021-12-05,80+,2305,272,9723,1014
Ospedalizzazioni,2021-10-29,2021-11-28,12_39,586,32,226,3
Ospedalizzazioni,2021-10-29,2021-11-28,40_59,1691,51,620,17
Ospedalizzazioni,2021-10-29,2021-11-28,60_79,1957,110,2291,56
Ospedalizzazioni,2021-10-29,2021-11-28,80+,847,91,2138,100
Ricoveri_TI,2021-10-29,2021-11-28,12_39,27,0,4,0
Ricoveri_TI,2021-10-29,2021-11-28,40_59,250,4,40,2
Ricoveri_TI,2021-10-29,2021-11-28,60_79,422,15,273,6
Ricoveri_TI,2021-10-29,2021-11-28,80+,48,2,77,4
Decessi,2021-10-15,2021-11-14,12_39,7,0,1,0
Decessi,2021-10-15,2021-11-14,40_59,59,3,17,0
Decessi,2021-10-15,2021-11-14,60_79,263,10,211,4
Decessi,2021-10-15,2021-11-14,80+,291,16,561,13
Diagnosi,2021-11-12,2021-12-12,12_39,52862,2871,60725,527
Diagnosi,2021-11-12,2021-12-12,40_59,44643,2664,76657,1047
Diagnosi,2021-11-12,2021-12-12,60_79,14383,1270,46583,1160
Diagnosi,2021-11-12,2021-12-12,80+,2786,302,10103,1485
Ospedalizzazioni,2021-11-05,2021-12-05,12_39,602,33,278,7
Ospedalizzazioni,2021-11-05,2021-12-05,40_59,1997,60,693,24
Ospedalizzazioni,2021-11-05,2021-12-05,60_79,2321,121,2778,89
Ospedalizzazioni,2021-11-05,2021-12-05,80+,1024,102,2363,152
Ricoveri_TI,2021-11-05,2021-12-05,12_39,31,0,7,0
Ricoveri_TI,2021-11-05,2021-12-05,40_59,302,6,46,6
Ricoveri_TI,2021-11-05,2021-12-05,60_79,498,17,308,16
Ricoveri_TI,2021-11-05,2021-12-05,80+,56,3,79,4
Decessi,2021-10-22,2021-11-21,12_39,6,0,1,0
Decessi,2021-10-22,2021-11-21,40_59,56,3,21,1
Decessi,2021-10-22,2021-11-21,60_79,315,16,269,8
Decessi,2021-10-22,2021-11-21,80+,345,23,671,20
Diagnosi,2021-11-19,2021-12-19,12_39,64774,3935,85840,1255
Diagnosi,2021-11-19,2021-12-19,40_59,54938,3234,95918,2109
Diagnosi,2021-11-19,2021-12-19,60_79,17412,1566,54969,2035
Diagnosi,2021-11-19,2021-12-19,80+,3553,334,10617,2256
Ospedalizzazioni,2021-11-12,2021-12-12,12_39,684,36,317,8
Ospedalizzazioni,2021-11-12,2021-12-12,40_59,2350,67,778,34
Ospedalizzazioni,2021-11-12,2021-12-12,60_79,2794,142,3222,114
Ospedalizzazioni,2021-11-12,2021-12-12,80+,1231,113,2544,212
Ricoveri_TI,2021-11-12,2021-12-12,12_39,39,1,9,0
Ricoveri_TI,2021-11-12,2021-12-12,40_59,348,7,53,4
Ricoveri_TI,2021-11-12,2021-12-12,60_79,582,21,375,23
Ricoveri_TI,2021-11-12,2021-12-12,80+,67,3,85,6
Decessi,2021-10-29,2021-11-28,12_39,8,0,2,0
Decessi,2021-10-29,2021-11-28,40_59,70,3,23,2
Decessi,2021-10-29,2021-11-28,60_79,362,22,322,14
Decessi,2021-10-29,2021-11-28,80+,399,29,713,29
Diagnosi,2021-11-26,2021-12-26,12_39,79859,7410,157339,5125
Diagnosi,2021-11-26,2021-12-26,40_59,65716,4706,131187,6547
Diagnosi,2021-11-26,2021-12-26,60_79,20677,1982,65930,4906
Diagnosi,2021-11-26,2021-12-26,80+,4299,393,11025,3797
Ospedalizzazioni,2021-11-19,2021-12-19,12_39,808,43,407,17
Ospedalizzazioni,2021-11-19,2021-12-19,40_59,2691,81,904,46
Ospedalizzazioni,2021-11-19,2021-12-19,60_79,3262,167,3547,162
Ospedalizzazioni,2021-11-19,2021-12-19,80+,1517,119,2659,321
Ricoveri_TI,2021-11-19,2021-12-19,12_39,48,1,11,1
Ricoveri_TI,2021-11-19,2021-12-19,40_59,403,10,65,4
Ricoveri_TI,2021-11-19,2021-12-19,60_79,669,15,401,26
Ricoveri_TI,2021-11-19,2021-12-19,80+,82,5,91,15
Decessi,2021-11-05,2021-12-05,12_39,7,0,2,0
Decessi,2021-11-05,2021-12-05,40_59,76,3,30,2
Decessi,2021-11-05,2021-12-05,60_79,430,28,373,20
Decessi,2021-11-05,2021-12-05,80+,481,44,795,40
Diagnosi,2021-12-03,2022-01-02,12_39,121905,20010,376218,19912
Diagnosi,2021-12-03,2022-01-02,40_59,94879,10544,249878,29717
Diagnosi,2021-12-03,2022-01-02,60_79,28894,3492,103412,19504
Diagnosi,2021-12-03,2022-01-02,80+,5734,571,13570,10127
Ospedalizzazioni,2021-11-26,2021-12-26,12_39,949,62,764,63
Ospedalizzazioni,2021-11-26,2021-12-26,40_59,3047,95,1142,93
Ospedalizzazioni,2021-11-26,2021-12-26,60_79,3805,201,3998,290
Ospedalizzazioni,2021-11-26,2021-12-26,80+,1763,121,2745,509
Ricoveri_TI,2021-11-26,2021-12-26,12_39,56,1,18,1
Ricoveri_TI,2021-11-26,2021-12-26,40_59,444,11,76,5
Ricoveri_TI,2021-11-26,2021-12-26,60_79,782,24,424,34
Ricoveri_TI,2021-11-26,2021-12-26,80+,86,8,86,19
Decessi,2021-11-12,2021-12-12,12_39,8,0,2,0
Decessi,2021-11-12,2021-12-12,40_59,88,4,36,3
Decessi,2021-11-12,2021-12-12,60_79,497,28,453,25
Decessi,2021-11-12,2021-12-12,80+,577,57,914,56
Diagnosi,2021-12-10,2022-01-09,12_39,191868,40356,699843,47450
Diagnosi,2021-12-10,2022-01-09,40_59,150194,20754,440366,79489
Diagnosi,2021-12-10,2022-01-09,60_79,44978,5986,161653,50775
Diagnosi,2021-12-10,2022-01-09,80+,8384,954,18140,22432
Ospedalizzazioni,2021-12-03,2022-01-02,12_39,1305,134,1483,147
Ospedalizzazioni,2021-12-03,2022-01-02,40_59,3520,136,1709,282
Ospedalizzazioni,2021-12-03,2022-01-02,60_79,4547,252,4679,638
Ospedalizzazioni,2021-12-03,2022-01-02,80+,2115,159,3063,999
Ricoveri_TI,2021-12-03,2022-01-02,12_39,58,1,25,1
Ricoveri_TI,2021-12-03,2022-01-02,40_59,490,13,100,12
Ricoveri_TI,2021-12-03,2022-01-02,60_79,914,30,485,49
Ricoveri_TI,2021-12-03,2022-01-02,80+,95,7,101,36
Decessi,2021-11-19,2021-12-19,12_39,9,0,3,0
Decessi,2021-11-19,2021-12-19,40_59,112,7,45,4
Decessi,2021-11-19,2021-12-19,60_79,592,27,500,38
Decessi,2021-11-19,2021-12-19,80+,730,58,926,90
Diagnosi,2021-12-17,2022-01-16,12_39,264129,60188,989689,81191
Diagnosi,2021-12-17,2022-01-16,40_59,214423,32049,617183,144752
Diagnosi,2021-12-17,2022-01-16,60_79,65071,9051,216659,92082
Diagnosi,2021-12-17,2022-01-16,80+,12074,1441,24242,40505
Ospedalizzazioni,2021-12-10,2022-01-09,12_39,1760,233,2326,278
Ospedalizzazioni,2021-12-10,2022-01-09,40_59,3875,202,2371,593
Ospedalizzazioni,2021-12-10,2022-01-09,60_79,5533,326,5804,1314
Ospedalizzazioni,2021-12-10,2022-01-09,80+,2778,228,3658,1992
Ricoveri_TI,2021-12-10,2022-01-09,12_39,64,0,35,7
Ricoveri_TI,2021-12-10,2022-01-09,40_59,533,12,134,29
Ricoveri_TI,2021-12-10,2022-01-09,60_79,1043,35,559,95
Ricoveri_TI,2021-12-10,2022-01-09,80+,113,8,98,57
Decessi,2021-11-26,2021-12-26,12_39,11,1,6,0
Decessi,2021-11-26,2021-12-26,40_59,141,10,57,8
Decessi,2021-11-26,2021-12-26,60_79,739,32,568,60
Decessi,2021-11-26,2021-12-26,80+,883,62,1017,147
Diagnosi,2021-12-24,2022-01-23,12_39,327894,73810,1173914,117864
Diagnosi,2021-12-24,2022-01-23,40_59,276525,40567,736205,213854
Diagnosi,2021-12-24,2022-01-23,60_79,83797,11219,245781,131848
Diagnosi,2021-12-24,2022-01-23,80+,15516,1882,28997,58091
Ospedalizzazioni,2021-12-17,2022-01-16,12_39,2084,301,2983,414
Ospedalizzazioni,2021-12-17,2022-01-16,40_59,3814,247,2911,897
Ospedalizzazioni,2021-12-17,2022-01-16,60_79,5856,400,6504,2116
Ospedalizzazioni,2021-12-17,2022-01-16,80+,3295,292,4180,3179
Ricoveri_TI,2021-12-17,2022-01-16,12_39,77,0,43,6
Ricoveri_TI,2021-12-17,2022-01-16,40_59,514,15,155,49
Ricoveri_TI,2021-12-17,2022-01-16,60_79,1073,37,587,143
Ricoveri_TI,2021-12-17,2022-01-16,80+,128,10,101,82
Decessi,2021-12-03,2022-01-02,12_39,14,1,13,0
Decessi,2021-12-03,2022-01-02,40_59,167,9,74,14
Decessi,2021-12-03,2022-01-02,60_79,910,40,684,119
Decessi,2021-12-03,2022-01-02,80+,1029,73,1172,299
Diagnosi,2021-12-31,2022-01-30,12_39,365860,77972,1185207,153441
Diagnosi,2021-12-31,2022-01-30,40_59,325656,45044,759442,279468
Diagnosi,2021-12-31,2022-01-30,60_79,99576,12605,244519,166941
Diagnosi,2021-12-31,2022-01-30,80+,18533,2229,31206,73060
Ospedalizzazioni,2021-12-24,2022-01-23,12_39,2294,363,3362,524
Ospedalizzazioni,2021-12-24,2022-01-23,40_59,3578,287,3232,1180
Ospedalizzazioni,2021-12-24,2022-01-23,60_79,6003,456,6807,2873
Ospedalizzazioni,2021-12-24,2022-01-23,80+,3820,331,4623,4440
Ricoveri_TI,2021-12-24,2022-01-23,12_39,61,0,55,12
Ricoveri_TI,2021-12-24,2022-01-23,40_59,457,19,162,62
Ricoveri_TI,2021-12-24,2022-01-23,60_79,1061,40,606,199
Ricoveri_TI,2021-12-24,2022-01-23,80+,137,7,105,105
Decessi,2021-12-10,2022-01-09,12_39,21,1,19,0
Decessi,2021-12-10,2022-01-09,40_59,222,12,93,16
Decessi,2021-12-10,2022-01-09,60_79,1076,62,864,210
Decessi,2021-12-10,2022-01-09,80+,1313,95,1378,588
Diagnosi,2022-01-07,2022-02-06,12_39,342068,70633,991181,175700
Diagnosi,2022-01-07,2022-02-06,40_59,317187,42367,630935,307448
Diagnosi,2022-01-07,2022-02-06,60_79,99094,12097,195819,176823
Diagnosi,2022-01-07,2022-02-06,80+,19198,2389,28796,78407
Ospedalizzazioni,2021-12-31,2022-01-30,12_39,2154,367,3142,614
Ospedalizzazioni,2021-12-31,2022-01-30,40_59,3017,294,3055,1391
Ospedalizzazioni,2021-12-31,2022-01-30,60_79,5696,493,6304,3510
Ospedalizzazioni,2021-12-31,2022-01-30,80+,4145,378,4639,5560
Ricoveri_TI,2021-12-31,2022-01-30,12_39,59,0,54,15
Ricoveri_TI,2021-12-31,2022-01-30,40_59,372,16,156,84
Ricoveri_TI,2021-12-31,2022-01-30,60_79,939,31,560,255
Ricoveri_TI,2021-12-31,2022-01-30,80+,154,7,106,120
Decessi,2021-12-17,2022-01-16,12_39,29,1,21,2
Decessi,2021-12-17,2022-01-16,40_59,250,12,117,27
Decessi,2021-12-17,2022-01-16,60_79,1235,77,1003,320
Decessi,2021-12-17,2022-01-16,80+,1630,130,1599,982
Diagnosi,2022-01-14,2022-02-13,12_39,279345,55698,705189,182061
Diagnosi,2022-01-14,2022-02-13,40_59,262943,34165,432831,297214
Diagnosi,2022-01-14,2022-02-13,60_79,83108,10256,127484,164549
Diagnosi,2022-01-14,2022-02-13,80+,17023,2196,22742,73319
Ospedalizzazioni,2022-01-07,2022-02-06,12_39,1921,313,2643,662
Ospedalizzazioni,2022-01-07,2022-02-06,40_59,2431,274,2649,1451
Ospedalizzazioni,2022-01-07,2022-02-06,60_79,4994,506,5299,3950
Ospedalizzazioni,2022-01-07,2022-02-06,80+,4188,423,4226,6208
Ricoveri_TI,2022-01-07,2022-02-06,12_39,54,1,51,13
Ricoveri_TI,2022-01-07,2022-02-06,40_59,285,17,148,87
Ricoveri_TI,2022-01-07,2022-02-06,60_79,795,35,460,299
Ricoveri_TI,2022-01-07,2022-02-06,80+,127,7,105,141
Decessi,2021-12-24,2022-01-23,12_39,28,1,23,5
Decessi,2021-12-24,2022-01-23,40_59,225,15,119,38
Decessi,2021-12-24,2022-01-23,60_79,1287,88,1111,452
Decessi,2021-12-24,2022-01-23,80+,1817,150,1781,1423
Diagnosi,2022-01-21,2022-02-20,12_39,218070,44095,483310,187278
Diagnosi,2022-01-21,2022-02-20,40_59,204506,27288,278885,279997
Diagnosi,2022-01-21,2022-02-20,60_79,66816,8575,78251,150191
Diagnosi,2022-01-21,2022-02-20,80+,14119,1963,16525,65119
Ospedalizzazioni,2022-01-14,2022-02-13,12_39,1522,287,2086,649
Ospedalizzazioni,2022-01-14,2022-02-13,40_59,1870,240,2026,1419
Ospedalizzazioni,2022-01-14,2022-02-13,60_79,4025,483,4043,4033
Ospedalizzazioni,2022-01-14,2022-02-13,80+,3727,412,3529,6171
Ricoveri_TI,2022-01-14,2022-02-13,12_39,41,1,47,14
Ricoveri_TI,2022-01-14,2022-02-13,40_59,189,11,115,75
Ricoveri_TI,2022-01-14,2022-02-13,60_79,600,35,352,312
Ricoveri_TI,2022-01-14,2022-02-13,80+,111,7,87,132
Decessi,2021-12-31,2022-01-30,12_39,26,1,20,6
Decessi,2021-12-31,2022-01-30,40_59,206,17,137,49
Decessi,2021-12-31,2022-01-30,60_79,1268,92,1126,542
Decessi,2021-12-31,2022-01-30,80+,1970,188,1841,1806
Diagnosi,2022-01-28,2022-02-27,12_39,156576,32288,306817,182629
Diagnosi,2022-01-28,2022-02-27,40_59,145376,20287,163774,247338
Diagnosi,2022-01-28,2022-02-27,60_79,49423,6822,45938,132303
Diagnosi,2022-01-28,2022-02-27,80+,10865,1677,11253,55017
Ospedalizzazioni,2022-01-21,2022-02-20,12_39,1197,233,1548,666
Ospedalizzazioni,2022-01-21,2022-02-20,40_59,1387,190,1442,1355
Ospedalizzazioni,2022-01-21,2022-02-20,60_79,3188,417,2881,3872
Ospedalizzazioni,2022-01-21,2022-02-20,80+,3122,380,2677,5915
Ricoveri_TI,2022-01-21,2022-02-20,12_39,31,2,34,13
Ricoveri_TI,2022-01-21,2022-02-20,40_59,131,8,88,66
Ricoveri_TI,2022-01-21,2022-02-20,60_79,466,30,234,306
Ricoveri_TI,2022-01-21,2022-02-20,80+,92,9,71,138
Decessi,2022-01-07,2022-02-06,12_39,25,2,17,10
Decessi,2022-01-07,2022-02-06,40_59,160,18,118,65
Decessi,2022-01-07,2022-02-06,60_79,1124,94,990,587
Decessi,2022-01-07,2022-02-06,80+,1889,203,1719,2015
Diagnosi,2022-02-04,2022-03-06,12_39,114951,22844,204108,182080
Diagnosi,2022-02-04,2022-03-06,40_59,103914,14758,102980,221754
Diagnosi,2022-02-04,2022-03-06,60_79,36396,5115,28556,118990
Diagnosi,2022-02-04,2022-03-06,80+,8112,1333,7640,46468
Ospedalizzazioni,2022-01-28,2022-02-27,12_39,922,178,1140,647
Ospedalizzazioni,2022-01-28,2022-02-27,40_59,1056,152,1008,1242
Ospedalizzazioni,2022-01-28,2022-02-27,60_79,2356,347,2008,3646
Ospedalizzazioni,2022-01-28,2022-02-27,80+,2422,353,1899,5305
Ricoveri_TI,2022-01-28,2022-02-27,12_39,25,3,20,12
Ricoveri_TI,2022-01-28,2022-02-27,40_59,86,7,66,70
Ricoveri_TI,2022-01-28,2022-02-27,60_79,365,32,172,284
Ricoveri_TI,2022-01-28,2022-02-27,80+,65,12,44,140
Decessi,2022-01-14,2022-02-13,12_39,17,2,17,7
Decessi,2022-01-14,2022-02-13,40_59,117,13,103,59
Decessi,2022-01-14,2022-02-13,60_79,868,89,796,580
Decessi,2022-01-14,2022-02-13,80+,1653,180,1462,1967
Diagnosi,2022-02-11,2022-03-13,12_39,94480,17558,160584,207023
Diagnosi,2022-02-11,2022-03-13,40_59,81905,11433,77808,228354
Diagnosi,2022-02-11,2022-03-13,60_79,29508,3894,21248,122764
Diagnosi,2022-02-11,2022-03-13,80+,6626,1082,5643,43901
Ospedalizzazioni,2022-02-04,2022-03-06,12_39,705,144,834,625
Ospedalizzazioni,2022-02-04,2022-03-06,40_59,784,117,720,1164
Ospedalizzazioni,2022-02-04,2022-03-06,60_79,1690,265,1364,3282
Ospedalizzazioni,2022-02-04,2022-03-06,80+,1810,285,1332,4741
Ricoveri_TI,2022-02-04,2022-03-06,12_39,15,2,14,14
Ricoveri_TI,2022-02-04,2022-03-06,40_59,64,6,46,66
Ricoveri_TI,2022-02-04,2022-03-06,60_79,245,25,119,245
Ricoveri_TI,2022-02-04,2022-03-06,80+,52,12,26,127
Decessi,2022-01-21,2022-02-20,12_39,12,1,12,6
Decessi,2022-01-21,2022-02-20,40_59,87,12,85,53
Decessi,2022-01-21,2022-02-20,60_79,686,79,576,532
Decessi,2022-01-21,2022-02-20,80+,1329,161,1080,1765
Diagnosi,2022-02-18,2022-03-20,12_39,90861,15289,155155,264450
Diagnosi,2022-02-18,2022-03-20,40_59,74934,10071,75416,279017
Diagnosi,2022-02-18,2022-03-20,60_79,28039,3254,20867,153392
Diagnosi,2022-02-18,2022-03-20,80+,6314,955,5212,50811
Ospedalizzazioni,2022-02-11,2022-03-13,12_39,596,119,703,647
Ospedalizzazioni,2022-02-11,2022-03-13,40_59,605,84,538,1133
Ospedalizzazioni,2022-02-11,2022-03-13,60_79,1330,214,993,3221
Ospedalizzazioni,2022-02-11,2022-03-13,80+,1425,220,980,4437
Ricoveri_TI,2022-02-11,2022-03-13,12_39,13,1,10,17
Ricoveri_TI,2022-02-11,2022-03-13,40_59,44,5,35,60
Ricoveri_TI,2022-02-11,2022-03-13,60_79,162,20,92,238
Ricoveri_TI,2022-02-11,2022-03-13,80+,46,14,20,123
Decessi,2022-01-28,2022-02-27,12_39,9,0,8,9
Decessi,2022-01-28,2022-02-27,40_59,62,8,63,51
Decessi,2022-01-28,2022-02-27,60_79,485,57,399,469
Decessi,2022-01-28,2022-02-27,80+,995,141,736,1493
Diagnosi,2022-02-25,2022-03-27,12_39,93323,14389,160236,321174
Diagnosi,2022-02-25,2022-03-27,40_59,75788,9583,80388,341990
Diagnosi,2022-02-25,2022-03-27,60_79,29867,3081,23327,194219
Diagnosi,2022-02-25,2022-03-27,80+,6786,888,5552,62017
Ospedalizzazioni,2022-02-18,2022-03-20,12_39,533,98,654,762
Ospedalizzazioni,2022-02-18,2022-03-20,40_59,498,74,489,1250
Ospedalizzazioni,2022-02-18,2022-03-20,60_79,1207,175,843,3448
Ospedalizzazioni,2022-02-18,2022-03-20,80+,1295,201,821,4690
Ricoveri_TI,2022-02-18,2022-03-20,12_39,13,0,11,23
Ricoveri_TI,2022-02-18,2022-03-20,40_59,37,6,30,71
Ricoveri_TI,2022-02-18,2022-03-20,60_79,143,16,76,243
Ricoveri_TI,2022-02-18,2022-03-20,80+,49,14,16,141
Decessi,2022-02-04,2022-03-06,12_39,4,0,7,7
Decessi,2022-02-04,2022-03-06,40_59,48,6,48,40
Decessi,2022-02-04,2022-03-06,60_79,337,47,256,369
Decessi,2022-02-04,2022-03-06,80+,760,107,490,1272
Diagnosi,2022-03-04,2022-04-03,12_39,97127,14230,166102,373149
Diagnosi,2022-03-04,2022-04-03,40_59,79310,9659,86565,408845
Diagnosi,2022-03-04,2022-04-03,60_79,32832,3037,26374,239318
Diagnosi,2022-03-04,2022-04-03,80+,7520,850,6243,76305
Ospedalizzazioni,2022-02-25,2022-03-27,12_39,509,90,613,856
Ospedalizzazioni,2022-02-25,2022-03-27,40_59,490,75,477,1406
Ospedalizzazioni,2022-02-25,2022-03-27,60_79,1173,159,860,3854
Ospedalizzazioni,2022-02-25,2022-03-27,80+,1275,174,836,5193
Ricoveri_TI,2022-02-25,2022-03-27,12_39,11,0,9,22
Ricoveri_TI,2022-02-25,2022-03-27,40_59,43,5,29,76
Ricoveri_TI,2022-02-25,2022-03-27,60_79,139,15,83,274
Ricoveri_TI,2022-02-25,2022-03-27,80+,42,11,16,147
Decessi,2022-02-11,2022-03-13,12_39,5,0,6,9
Decessi,2022-02-11,2022-03-13,40_59,36,2,33,39
Decessi,2022-02-11,2022-03-13,60_79,241,35,200,362
Decessi,2022-02-11,2022-03-13,80+,568,87,352,1151
Diagnosi,2022-03-11,2022-04-10,12_39,97175,13521,161437,399568
Diagnosi,2022-03-11,2022-04-10,40_59,80515,9329,89555,454577
Diagnosi,2022-03-11,2022-04-10,60_79,35140,2961,28374,277021
Diagnosi,2022-03-11,2022-04-10,80+,8060,859,6810,88328
Ospedalizzazioni,2022-03-04,2022-04-03,12_39,,,,
Ospedalizzazioni,2022-03-04,2022-04-03,40_59,,,,
Ospedalizzazioni,2022-03-04,2022-04-03,60_79,,,,
Ospedalizzazioni,2022-03-04,2022-04-03,80+,,,,
Ricoveri_TI,2022-03-04,2022-04-03,12_39,,,,
Ricoveri_TI,2022-03-04,2022-04-03,40_59,,,,
Ricoveri_TI,2022-03-04,2022-04-03,60_79,,,,
Ricoveri_TI,2022-03-04,2022-04-03,80+,,,,
Decessi,2022-02-18,2022-03-20,12_39,5,0,4,11
Decessi,2022-02-18,2022-03-20,40_59,42,1,26,40
Decessi,2022-02-18,2022-03-20,60_79,199,31,145,381
Decessi,2022-02-18,2022-03-20,80+,489,77,291,1133
