data,positivi,abruzzo,basilicata,calabria,campania,emilia_romagna,friuli_venezia_giulia,lazio,liguria,lombardia,marche,molise,piemonte,puglia,sardegna,sicilia,toscana,umbria,valle_daosta,veneto,pa_bolzano,pa_trento
2020-01-29T00:00:00,2,,,,,,,2,,,,,,,,,,,,,,
2020-01-30T00:00:00,0,,,,,,,0,,,,,,,,,,,,,,
2020-01-31T00:00:00,0,,,,,,,0,,,,,,,,,,,,,,
2020-02-01T00:00:00,0,,,,,,,0,,,,,,,,,,,,,,
2020-02-02T00:00:00,0,,,,,,,0,,,,,,,,,,,,,,
2020-02-03T00:00:00,0,,,,,,,0,,,,,,,,,,,,,,
2020-02-04T00:00:00,0,,,,,,,0,,,,,,,,,,,,,,
2020-02-05T00:00:00,0,,,,,,,0,,,,,,,,,,,,,,
2020-02-06T00:00:00,1,,,,,,,1,,,,,,,,,,,,,,
2020-02-07T00:00:00,0,,,,,,,0,,,,,,,,,,,,,,
2020-02-08T00:00:00,0,,,,,,,0,,,,,,,,,,,,,,
2020-02-09T00:00:00,0,,,,,,,0,,,,,,,,,,,,,,
2020-02-10T00:00:00,0,,,,,,,0,,,,,,,,,,,,,,
2020-02-11T00:00:00,0,,,,,,,0,,,,,,,,,,,,,,
2020-02-12T00:00:00,0,,,,,,,0,,,,,,,,,,,,,,
2020-02-13T00:00:00,0,,,,,,,0,,,,,,,,,,,,,,
2020-02-14T00:00:00,0,,,,,,,0,,,,,,,,,,,,,,
2020-02-15T00:00:00,0,,,,,,,0,,,,,,,,,,,,,,
2020-02-16T00:00:00,0,,,,,,,0,,,,,,,,,,,,,,
2020-02-17T00:00:00,0,,,,,,,0,,,,,,,,,,,,,,
2020-02-18T00:00:00,0,,,,,,,0,,,,,,,,,,,,,,
2020-02-19T00:00:00,0,,,,,,,0,,,,,,,,,,,,,,
2020-02-20T00:00:00,4,,,,,,,0,,2,,,1,,,,,,,1,,
2020-02-21T00:00:00,36,,,,,1,,0,,31,,,0,,,,,,,4,,
2020-02-22T00:00:00,57,,,,,7,,0,,32,,,2,,,,,,,16,,
2020-02-23T00:00:00,77,,,,,11,,0,,47,,,2,,,,,,1,16,,
2020-02-24T00:00:00,85,1,,,,6,,0,1,60,,,1,,,3,2,,0,10,1,
2020-02-25T00:00:00,191,0,,,1,40,,1,1,95,1,,1,,,0,2,,0,49,0,
2020-02-26T00:00:00,277,1,,,3,89,,0,17,116,3,,3,1,,2,2,,0,40,0,
2020-02-27T00:00:00,287,0,,1,1,42,1,1,2,147,3,,11,2,,1,2,1,0,72,0,
2020-02-28T00:00:00,348,1,,0,12,45,0,2,17,204,10,,14,0,,2,2,0,0,39,0,
2020-02-29T00:00:00,373,3,,1,4,50,5,0,3,250,13,,6,0,,0,1,0,0,37,0,
2020-03-01T00:00:00,410,0,,0,6,54,7,11,5,282,15,,3,2,1,1,1,0,0,22,0,
2020-03-02T00:00:00,629,1,,0,6,95,4,10,3,396,29,2,10,5,0,8,8,6,0,44,0,2
2020-03-03T00:00:00,801,1,1,0,3,170,6,13,2,477,28,1,21,5,1,3,17,0,0,48,0,4
2020-03-04T00:00:00,1077,1,0,3,9,150,10,40,5,629,42,4,37,2,2,4,20,4,6,107,0,2
2020-03-05T00:00:00,1302,1,2,2,7,234,8,33,8,789,37,7,41,6,3,4,20,4,2,89,2,3
2020-03-06T00:00:00,1529,3,2,4,23,215,12,38,19,903,72,0,81,18,5,9,23,9,1,83,5,4
2020-03-07T00:00:00,1431,5,0,4,20,221,27,39,21,700,59,0,121,10,1,18,34,2,5,116,18,10
2020-03-08T00:00:00,1450,12,1,1,16,202,39,51,36,769,61,0,107,7,6,5,46,1,1,67,8,14
2020-03-09T00:00:00,2237,28,2,4,23,307,26,43,54,1215,81,1,107,18,17,14,68,13,5,180,17,14
2020-03-10T00:00:00,2449,27,3,9,34,320,53,41,43,1351,101,0,118,23,1,25,50,10,2,188,25,25
2020-03-11T00:00:00,2776,33,0,17,24,364,63,96,81,1334,111,1,208,39,3,35,57,17,6,231,28,28
2020-03-12T00:00:00,3143,22,3,10,78,522,42,87,86,1360,174,1,234,65,5,18,106,13,13,231,18,55
2020-03-13T00:00:00,4104,60,0,23,70,652,91,124,168,1718,168,0,320,50,5,22,122,29,15,367,56,44
2020-03-14T00:00:00,3532,56,1,10,70,540,54,107,70,1372,218,0,344,60,35,30,161,35,21,267,25,56
2020-03-15T00:00:00,2850,21,3,13,78,381,48,100,117,1192,107,0,208,42,23,27,105,22,34,243,41,45
2020-03-16T00:00:00,4819,51,8,32,90,609,58,142,146,2133,151,4,372,53,19,50,179,51,31,485,81,74
2020-03-17T00:00:00,5347,99,7,35,99,712,115,156,201,2085,196,3,471,79,7,77,204,40,29,599,60,73
2020-03-18T00:00:00,5691,108,13,24,104,791,79,206,129,2159,192,18,497,105,103,84,248,91,45,505,94,96
2020-03-19T00:00:00,5684,64,15,35,73,827,97,255,164,2230,222,4,364,104,64,95,232,59,70,557,99,54
2020-03-20T00:00:00,6254,99,18,28,103,911,64,213,296,2224,193,13,391,118,37,130,305,58,53,704,75,221
2020-03-21T00:00:00,4916,85,8,43,91,677,86,196,216,1409,299,5,583,116,18,136,261,68,43,408,45,123
2020-03-22T00:00:00,3925,59,7,34,88,541,57,171,206,1163,105,1,556,75,37,127,159,47,36,359,45,52
2020-03-23T00:00:00,6098,150,14,29,141,741,94,252,254,2190,203,6,568,132,26,114,271,86,33,626,99,69
2020-03-24T00:00:00,5916,165,15,32,115,758,100,219,199,2155,281,0,439,112,9,127,286,78,3,645,65,113
2020-03-25T00:00:00,5805,66,6,55,199,634,94,241,192,2048,209,24,589,97,127,128,274,97,16,530,78,101
2020-03-26T00:00:00,5698,107,26,95,131,747,95,274,197,2045,176,12,425,116,19,115,253,99,41,443,109,173
2020-03-27T00:00:00,5788,113,27,54,175,620,139,253,167,1987,189,14,720,111,26,83,381,71,53,408,118,79
2020-03-28T00:00:00,4529,87,21,30,86,537,71,201,182,1362,248,5,613,116,36,87,226,54,21,363,79,104
2020-03-29T00:00:00,3012,38,3,16,112,351,41,127,173,755,102,5,479,114,73,31,189,7,18,262,58,58
2020-03-30T00:00:00,5083,87,12,21,166,553,70,247,195,1759,151,10,448,91,23,88,377,28,32,496,80,149
2020-03-31T00:00:00,5354,134,6,27,174,726,68,151,179,1537,162,17,647,129,48,70,374,39,36,603,60,167
2020-04-01T00:00:00,5025,81,6,25,139,530,85,178,164,1813,186,9,558,132,29,49,337,30,36,464,81,93
2020-04-02T00:00:00,4775,78,5,19,87,611,120,164,173,1624,204,7,611,82,59,50,181,31,53,387,74,155
2020-04-03T00:00:00,4446,59,14,30,127,526,45,141,223,1617,143,31,529,104,22,39,224,22,24,331,72,123
2020-04-04T00:00:00,3662,57,10,39,96,477,51,156,219,1080,98,15,607,91,20,42,161,29,37,274,59,44
2020-04-05T00:00:00,2601,22,2,9,83,349,35,69,130,635,56,0,666,90,12,22,83,1,10,268,29,30
2020-04-06T00:00:00,4086,84,5,11,94,323,101,122,175,1565,165,0,391,141,59,64,133,13,21,425,60,134
2020-04-07T00:00:00,4139,104,2,23,73,409,47,132,194,1482,150,2,439,85,18,95,170,23,32,462,65,132
2020-04-08T00:00:00,4791,55,8,22,97,567,42,148,203,1495,124,8,803,100,19,79,206,3,18,617,57,120
2020-04-09T00:00:00,4684,58,0,22,84,423,50,178,120,1925,142,10,666,107,65,72,218,8,16,336,55,129
2020-04-10T00:00:00,5131,60,2,10,82,612,81,146,133,2051,101,7,954,160,23,55,209,6,17,276,39,107
2020-04-11T00:00:00,3430,61,4,7,99,401,39,129,103,1134,97,6,752,92,11,34,138,7,10,215,54,37
2020-04-12T00:00:00,1919,18,2,3,53,176,28,82,111,552,20,0,569,38,9,22,120,1,7,89,10,9
2020-04-13T00:00:00,2268,17,1,13,61,364,58,150,203,567,32,1,415,41,12,23,117,1,8,94,44,46
2020-04-14T00:00:00,3279,50,8,34,67,370,72,82,195,1148,94,5,411,71,16,31,185,8,7,303,35,87
2020-04-15T00:00:00,3947,54,11,25,76,377,57,83,135,1381,109,12,793,57,11,38,185,6,14,358,34,131
2020-04-16T00:00:00,3704,26,2,44,51,266,44,67,92,1254,84,4,864,71,32,27,185,5,58,421,39,68
2020-04-17T00:00:00,3497,45,1,17,49,408,45,146,150,1305,59,1,549,77,7,32,141,5,51,262,49,98
2020-04-18T00:00:00,2638,19,5,7,39,378,44,62,109,752,48,2,675,81,14,11,109,4,1,257,15,6
2020-04-19T00:00:00,1386,7,3,11,32,194,24,49,78,388,12,0,301,38,3,8,71,1,5,145,7,9
2020-04-20T00:00:00,3006,58,4,2,53,287,40,49,144,1154,42,1,600,59,17,68,124,5,1,210,10,78
2020-04-21T00:00:00,3078,12,3,10,46,331,15,58,140,1073,55,3,672,88,7,25,100,3,3,350,13,71
2020-04-22T00:00:00,2605,19,2,14,46,251,23,75,160,966,71,4,508,39,3,38,109,6,1,201,25,44
2020-04-23T00:00:00,2811,24,3,9,55,183,20,60,150,1208,49,1,642,61,3,19,89,2,2,153,24,54
2020-04-24T00:00:00,2738,22,1,7,46,298,28,70,128,1020,70,3,610,26,10,18,128,6,5,162,10,70
2020-04-25T00:00:00,1666,7,2,5,16,241,18,62,144,496,13,3,446,18,7,9,33,8,3,65,8,62
2020-04-26T00:00:00,1017,10,0,3,10,157,9,54,108,228,27,0,255,14,1,3,8,2,6,71,6,45
2020-04-27T00:00:00,1978,22,4,2,35,225,15,59,98,925,41,1,225,34,7,16,63,2,2,133,11,58
2020-04-28T00:00:00,2240,15,1,5,23,202,11,58,115,868,36,0,571,50,6,12,62,6,6,146,13,34
2020-04-29T00:00:00,2328,33,5,4,24,233,11,61,107,1048,41,2,443,44,13,16,71,0,2,139,5,26
2020-04-30T00:00:00,2265,40,4,3,39,221,22,33,91,1019,44,1,414,17,5,23,74,2,4,136,7,66
2020-05-01T00:00:00,1084,2,2,1,19,140,2,45,127,258,27,0,293,27,2,4,28,0,4,55,3,45
2020-05-02T00:00:00,1020,4,3,4,20,107,5,28,59,288,30,0,287,20,1,19,40,0,4,67,2,32
2020-05-03T00:00:00,506,2,1,1,10,103,2,22,39,115,24,0,133,2,1,4,19,2,4,16,2,4
2020-05-04T00:00:00,1455,29,0,4,37,88,5,53,85,707,27,1,151,38,3,7,40,9,2,105,4,60
2020-05-05T00:00:00,1536,20,2,3,17,104,14,51,108,759,40,3,154,30,7,14,44,0,2,77,10,77
2020-05-06T00:00:00,1442,13,0,7,10,119,6,28,75,714,26,1,249,29,4,9,38,3,1,70,2,38
2020-05-07T00:00:00,1390,19,0,4,31,117,13,29,56,686,27,25,205,13,4,9,28,5,4,63,9,43
2020-05-08T00:00:00,1380,10,2,1,11,105,15,40,86,659,41,30,170,28,5,14,35,2,4,58,3,61
2020-05-09T00:00:00,731,9,3,3,15,74,9,26,48,247,3,11,180,35,1,10,23,2,2,15,2,13
2020-05-10T00:00:00,336,2,0,4,6,36,1,25,36,88,11,12,72,9,1,3,7,3,1,8,2,9
2020-05-11T00:00:00,873,9,1,1,12,72,12,13,72,455,9,13,75,10,2,7,18,0,1,49,3,39
2020-05-12T00:00:00,914,24,2,2,10,57,8,28,97,414,18,6,138,8,2,9,21,1,4,37,3,25
2020-05-13T00:00:00,890,9,1,1,22,81,9,21,59,415,20,3,143,10,2,6,19,0,5,39,2,23
2020-05-14T00:00:00,901,18,0,1,16,64,7,22,90,393,18,4,167,7,4,10,27,2,0,29,0,22
2020-05-15T00:00:00,791,5,0,2,13,60,11,32,73,351,27,1,116,10,0,3,34,2,2,15,6,28
2020-05-16T00:00:00,606,9,1,0,12,48,6,28,56,284,10,10,67,0,0,2,16,2,0,45,4,6
2020-05-17T00:00:00,298,0,0,3,5,30,2,33,51,87,5,1,56,7,0,5,3,0,0,8,2,0
2020-05-18T00:00:00,655,5,1,1,12,62,6,13,41,319,6,0,124,12,3,5,13,1,0,18,0,13
2020-05-19T00:00:00,720,10,3,0,14,44,8,21,54,360,17,0,117,10,0,5,16,2,2,17,0,20
2020-05-20T00:00:00,676,9,0,0,10,52,7,16,35,371,3,4,85,12,2,3,33,1,1,16,2,14
2020-05-21T00:00:00,621,4,1,1,11,53,6,20,17,346,7,5,95,17,0,0,19,1,1,11,2,4
2020-05-22T00:00:00,685,7,2,0,9,49,5,12,21,433,10,1,71,16,1,8,10,0,1,15,2,12
2020-05-23T00:00:00,356,2,1,1,7,30,2,22,22,162,4,0,67,8,0,5,10,0,2,7,1,3
2020-05-24T00:00:00,147,0,0,1,2,15,0,7,18,63,1,0,29,3,0,0,2,0,1,3,0,2
2020-05-25T00:00:00,513,4,0,1,13,36,13,15,32,288,2,2,52,2,1,11,8,1,0,12,1,19
2020-05-26T00:00:00,540,4,1,0,13,52,5,16,17,316,0,1,73,11,0,2,6,0,0,15,1,7
2020-05-27T00:00:00,523,1,1,0,8,36,5,8,41,343,5,1,48,8,1,5,3,0,0,9,0,0
2020-05-28T00:00:00,516,1,0,0,11,40,4,11,24,315,4,0,83,1,0,8,6,0,1,3,1,3
2020-05-29T00:00:00,386,5,0,0,7,31,2,7,17,219,3,0,65,7,0,3,7,0,1,9,0,3
2020-05-30T00:00:00,285,3,0,0,4,14,1,9,7,170,1,0,55,5,1,1,5,0,4,4,1,0
2020-05-31T00:00:00,89,3,0,0,2,10,1,3,3,25,1,0,31,2,0,1,3,0,0,1,0,3
2020-06-01T00:00:00,377,5,0,0,7,20,3,3,22,235,8,0,49,4,0,3,10,0,0,6,0,2
2020-06-02T00:00:00,87,1,0,0,3,12,0,7,11,31,0,0,17,0,0,1,2,0,0,2,0,0
2020-06-03T00:00:00,358,2,0,0,2,16,4,12,19,249,0,0,29,5,0,3,5,0,0,8,1,3
2020-06-04T00:00:00,361,6,0,1,0,17,3,17,20,243,2,0,29,1,4,1,5,0,1,6,3,2
2020-06-05T00:00:00,385,0,1,0,3,27,2,24,12,251,3,0,39,5,1,2,3,0,2,6,2,2
2020-06-06T00:00:00,203,1,0,0,6,18,1,15,9,119,3,0,13,3,0,4,5,2,1,2,0,1
2020-06-07T00:00:00,84,0,0,0,3,11,0,7,8,35,1,2,9,0,0,0,6,0,0,1,0,1
2020-06-08T00:00:00,300,2,2,1,6,31,2,22,14,174,1,1,24,1,2,2,4,3,0,6,0,2
2020-06-09T00:00:00,368,1,0,0,6,23,2,24,11,249,1,0,18,0,0,2,16,1,0,8,4,2
2020-06-10T00:00:00,394,3,0,1,5,35,2,29,7,241,3,0,44,1,1,2,8,0,0,8,2,2
2020-06-11T00:00:00,449,2,0,1,2,17,5,26,7,320,3,0,35,1,0,1,7,0,0,18,1,3
2020-06-12T00:00:00,368,3,0,0,1,21,2,13,5,279,7,0,22,0,0,3,5,0,1,4,2,0
2020-06-13T00:00:00,214,0,0,0,5,15,0,20,5,122,8,0,27,1,0,2,3,0,0,5,0,1
2020-06-14T00:00:00,68,0,0,1,0,5,0,6,1,40,1,0,9,0,0,0,4,0,0,0,0,1
2020-06-15T00:00:00,276,1,0,1,3,24,1,5,12,192,1,1,19,0,1,2,4,1,0,5,0,3
2020-06-16T00:00:00,280,3,0,2,2,26,2,3,13,169,4,0,38,1,2,3,4,0,0,5,2,1
2020-06-17T00:00:00,302,1,0,0,2,24,3,6,8,202,2,1,36,3,0,2,4,0,0,2,1,5
2020-06-18T00:00:00,233,1,0,2,1,26,1,14,13,135,2,0,20,1,2,2,4,1,0,3,2,3
2020-06-19T00:00:00,290,1,0,1,1,25,1,8,8,188,6,0,26,4,0,1,3,0,2,9,1,5
2020-06-20T00:00:00,165,0,0,7,3,25,1,10,9,60,2,2,24,0,0,2,2,0,0,5,13,0
2020-06-21T00:00:00,62,1,0,1,9,11,0,6,2,12,3,1,5,0,0,8,1,0,0,1,0,1
2020-06-22T00:00:00,338,2,0,0,11,91,0,15,9,168,2,0,5,2,1,18,5,1,0,6,1,1
2020-06-23T00:00:00,288,1,0,0,27,33,0,4,14,149,3,0,32,0,1,2,13,0,0,7,0,2
2020-06-24T00:00:00,206,0,0,5,5,29,1,9,5,117,1,1,15,1,0,3,4,0,1,4,0,5
2020-06-25T00:00:00,202,0,0,0,0,41,1,12,10,100,2,0,15,1,0,3,7,1,1,6,0,2
2020-06-26T00:00:00,184,0,0,0,4,24,0,16,2,105,0,0,15,0,1,3,5,0,0,5,3,1
2020-06-27T00:00:00,124,2,0,1,6,25,1,13,5,44,0,0,14,0,1,1,4,0,0,4,3,0
2020-06-28T00:00:00,66,0,1,1,18,5,0,3,2,27,0,0,2,0,0,0,5,0,0,2,0,0
2020-06-29T00:00:00,230,4,0,0,9,29,0,11,6,134,1,0,10,0,2,4,3,1,1,12,3,0
2020-06-30T00:00:00,199,1,0,0,11,34,4,9,4,95,2,0,14,0,0,5,3,0,0,11,0,6
2020-07-01T00:00:00,235,7,0,0,2,28,4,13,3,121,2,0,15,1,3,13,10,4,0,5,2,2
2020-07-02T00:00:00,246,1,2,0,10,44,3,19,4,128,0,0,13,2,0,3,7,1,1,6,1,1
2020-07-03T00:00:00,241,5,0,1,7,30,7,30,6,107,2,0,15,3,0,3,16,1,0,5,1,2
2020-07-04T00:00:00,221,3,0,1,21,36,0,13,2,102,1,0,17,0,2,2,12,0,0,9,0,0
2020-07-05T00:00:00,76,0,0,0,3,15,0,19,4,21,0,0,5,0,0,0,4,0,0,5,0,0
2020-07-06T00:00:00,235,2,0,1,1,56,1,9,2,129,6,0,7,0,0,2,6,0,0,8,3,2
2020-07-07T00:00:00,223,8,1,4,9,32,5,12,11,94,2,0,18,1,1,1,4,0,0,16,2,2
2020-07-08T00:00:00,285,3,0,0,11,75,1,32,5,117,2,0,16,0,0,2,3,1,0,9,6,2
2020-07-09T00:00:00,220,4,0,3,5,35,0,18,11,99,3,0,11,4,2,1,3,0,0,17,4,0
2020-07-10T00:00:00,247,3,1,0,4,72,2,28,1,105,2,1,8,1,0,2,3,1,0,10,3,0
2020-07-11T00:00:00,162,1,0,26,7,13,0,23,0,59,5,0,5,0,0,0,5,1,0,14,3,0
2020-07-12T00:00:00,61,0,0,0,2,5,0,12,3,11,7,0,6,0,0,3,1,0,0,5,6,0
2020-07-13T00:00:00,185,3,0,1,1,28,3,21,5,63,2,0,8,0,2,15,8,1,0,21,3,0
2020-07-14T00:00:00,238,1,0,1,10,42,3,9,6,78,0,0,5,0,2,1,12,1,0,66,1,0
2020-07-15T00:00:00,237,1,0,8,16,54,2,10,7,75,1,0,6,1,1,18,6,0,0,25,3,3
2020-07-16T00:00:00,256,1,0,12,12,43,3,15,15,66,3,0,11,8,0,5,12,2,1,45,2,0
2020-07-17T00:00:00,282,6,3,1,13,50,7,25,15,84,1,0,4,2,0,8,8,2,0,50,1,2
2020-07-18T00:00:00,167,1,0,0,10,38,0,13,19,49,0,0,1,5,1,0,2,0,0,27,1,0
2020-07-19T00:00:00,110,0,0,0,5,15,3,10,12,15,2,0,6,0,0,3,2,0,0,33,0,4
2020-07-20T00:00:00,317,4,5,1,18,84,3,19,20,70,0,0,7,0,0,8,10,3,0,32,1,32
2020-07-21T00:00:00,278,3,30,2,16,46,1,22,8,69,1,4,10,5,2,6,5,2,0,24,2,20
2020-07-22T00:00:00,277,7,4,1,23,59,3,20,9,61,2,10,11,4,4,10,10,2,0,27,3,7
2020-07-23T00:00:00,269,3,0,1,4,49,5,15,8,89,2,3,13,15,1,5,6,2,0,33,5,10
2020-07-24T00:00:00,305,11,2,0,17,58,5,18,11,82,8,3,16,6,0,13,14,0,0,31,4,6
2020-07-25T00:00:00,193,0,0,0,32,28,2,17,3,36,3,0,16,4,1,11,20,0,0,18,2,0
2020-07-26T00:00:00,92,1,0,0,11,16,0,5,8,15,5,3,10,2,0,7,3,0,0,4,1,1
2020-07-27T00:00:00,324,4,0,6,20,37,0,20,10,80,6,1,8,11,6,33,12,0,10,50,8,2
2020-07-28T00:00:00,315,3,0,4,19,35,3,25,13,69,30,0,14,6,2,9,13,0,3,55,7,5
2020-07-29T00:00:00,465,5,2,4,9,40,13,9,11,84,17,1,9,11,6,41,15,0,0,174,12,2
2020-07-30T00:00:00,316,1,1,1,7,63,4,20,9,49,4,2,53,4,6,20,7,2,0,51,12,0
2020-07-31T00:00:00,311,8,1,4,11,56,6,15,13,60,7,2,21,13,6,12,6,3,0,57,6,4
2020-08-01T00:00:00,190,23,0,1,5,29,10,11,2,34,1,2,16,5,4,6,14,5,0,19,3,0
2020-08-02T00:00:00,105,2,0,0,4,26,1,10,3,17,4,0,6,6,2,2,8,1,1,9,1,2
2020-08-03T00:00:00,415,12,0,2,6,74,9,17,9,169,7,0,11,7,2,21,9,2,0,48,7,3
2020-08-04T00:00:00,387,40,2,0,7,59,6,13,11,74,6,1,25,24,8,21,21,2,1,55,10,1
2020-08-05T00:00:00,505,22,18,3,10,44,13,13,7,82,18,1,28,10,5,29,11,3,0,177,8,3
2020-08-06T00:00:00,393,3,2,7,8,45,2,13,13,84,14,0,35,8,0,40,29,6,6,68,6,4
2020-08-07T00:00:00,485,5,1,2,16,63,11,24,5,81,8,0,38,7,0,72,38,11,0,93,7,3
2020-08-08T00:00:00,329,9,0,2,14,32,3,28,11,58,3,0,42,13,7,18,39,9,0,39,2,0
2020-08-09T00:00:00,181,0,0,10,18,8,0,15,5,21,3,0,12,28,5,31,5,4,1,14,0,1
2020-08-10T00:00:00,484,10,0,9,43,54,5,21,25,99,13,0,29,21,14,31,34,3,0,68,3,2
2020-08-11T00:00:00,520,11,1,4,20,36,8,29,52,95,24,0,37,25,6,28,29,4,0,108,2,1
2020-08-12T00:00:00,617,14,1,15,34,61,23,28,33,94,27,6,26,21,17,61,33,7,0,104,9,3
2020-08-13T00:00:00,532,7,5,6,32,74,5,32,32,98,13,0,36,14,6,21,33,8,0,105,4,1
2020-08-14T00:00:00,596,8,2,15,37,57,17,29,18,104,14,2,56,17,4,69,21,13,0,104,8,1
2020-08-15T00:00:00,292,4,0,2,43,21,8,30,17,19,9,0,27,16,4,21,20,2,1,43,4,1
2020-08-16T00:00:00,255,7,0,3,30,21,4,24,17,19,7,9,17,12,4,10,26,1,0,44,0,0
2020-08-17T00:00:00,690,10,6,9,45,87,14,70,31,146,11,6,18,29,21,36,36,14,0,83,15,3
2020-08-18T00:00:00,869,5,2,5,56,90,12,98,32,147,12,2,38,28,46,42,48,21,2,167,10,6
2020-08-19T00:00:00,997,16,4,12,55,84,29,118,25,167,18,5,60,20,38,45,74,16,0,201,9,1
2020-08-20T00:00:00,1092,19,2,8,101,89,45,126,33,203,11,1,42,43,46,50,63,22,1,159,22,6
2020-08-21T00:00:00,1293,27,1,2,126,123,42,171,31,274,13,1,57,35,66,35,51,19,0,190,23,6
2020-08-22T00:00:00,956,4,2,5,136,112,10,140,19,149,7,0,54,29,80,32,47,13,0,109,5,3
2020-08-23T00:00:00,637,9,2,3,122,43,5,94,12,52,6,0,33,41,51,60,32,24,0,46,1,1
2020-08-24T00:00:00,1565,31,1,11,219,184,26,171,43,336,11,9,61,46,58,35,133,20,2,149,13,6
2020-08-25T00:00:00,1523,12,4,9,183,203,28,113,42,343,56,0,89,50,44,48,95,23,0,160,9,12
2020-08-26T00:00:00,1486,17,3,15,196,142,31,117,41,293,16,1,82,43,80,100,116,15,1,151,8,18
2020-08-27T00:00:00,1461,25,3,29,174,139,21,90,57,351,19,2,112,49,54,48,110,26,2,132,5,13
2020-08-28T00:00:00,1379,30,5,17,148,129,16,94,51,262,16,1,77,75,72,36,101,32,4,188,11,14
2020-08-29T00:00:00,1015,7,2,4,151,130,9,87,34,157,11,0,61,57,44,25,96,9,3,116,9,3
2020-08-30T00:00:00,514,4,0,22,73,41,7,39,23,83,8,3,33,43,19,26,21,9,8,49,0,3
2020-08-31T00:00:00,1348,23,1,37,158,127,23,89,42,314,12,0,42,44,85,75,83,14,0,158,13,8
2020-09-01T00:00:00,1354,26,4,13,107,132,26,66,56,279,22,2,73,86,55,67,97,14,1,170,11,47
2020-09-02T00:00:00,1530,23,18,16,148,133,23,78,50,337,20,4,73,96,67,57,117,26,1,156,13,74
2020-09-03T00:00:00,1524,20,1,9,112,130,42,128,85,288,36,1,90,93,49,125,83,26,1,158,6,41
2020-09-04T00:00:00,1597,32,1,18,212,127,49,86,88,293,16,1,53,58,57,92,122,21,0,201,10,60
2020-09-05T00:00:00,1093,13,17,28,109,119,16,84,75,150,17,3,60,35,44,63,95,19,0,122,8,16
2020-09-06T00:00:00,517,0,1,8,42,31,3,53,31,63,12,7,29,41,48,36,44,6,0,56,1,5
2020-09-07T00:00:00,1513,10,10,21,227,155,36,64,75,276,12,6,48,162,51,71,90,24,3,124,10,38
2020-09-08T00:00:00,1536,9,7,13,154,118,51,104,103,241,36,3,100,92,58,101,96,18,0,153,25,54
2020-09-09T00:00:00,1570,25,16,12,96,155,50,94,105,256,57,4,79,61,65,117,122,25,0,179,18,34
2020-09-10T00:00:00,1597,22,7,16,139,142,33,134,110,246,37,3,77,100,65,95,155,20,4,128,54,10
2020-09-11T00:00:00,1574,22,10,12,126,136,42,117,125,242,39,4,103,107,57,82,93,41,0,153,28,35
2020-09-12T00:00:00,1172,20,1,6,133,128,35,101,80,142,25,4,84,58,30,65,119,13,3,101,11,13
2020-09-13T00:00:00,542,6,0,7,54,47,3,48,35,52,10,0,43,44,30,74,28,8,2,45,1,5
2020-09-14T00:00:00,1571,22,1,10,208,142,40,153,98,222,29,8,45,90,55,85,77,24,1,160,57,44
2020-09-15T00:00:00,1738,41,6,22,193,119,58,159,125,231,44,1,119,93,36,99,108,19,4,169,29,63
2020-09-16T00:00:00,1515,42,3,20,148,118,29,108,85,213,34,4,78,68,84,107,132,18,2,179,24,19
2020-09-17T00:00:00,1675,29,3,24,123,144,30,139,94,305,18,5,115,84,56,121,114,35,7,173,24,32
2020-09-18T00:00:00,1811,20,5,21,188,110,37,148,132,271,39,27,98,100,66,91,132,24,0,221,26,55
2020-09-19T00:00:00,1272,33,1,19,68,95,24,113,65,170,31,4,90,92,53,146,111,17,3,114,11,12
2020-09-20T00:00:00,596,4,1,9,83,25,7,65,35,35,18,1,55,29,50,57,36,6,3,74,2,1
2020-09-21T00:00:00,1905,19,17,30,311,160,55,215,94,230,24,3,91,89,60,141,103,26,0,164,28,45
2020-09-22T00:00:00,1869,17,17,8,288,88,27,146,122,228,18,5,107,77,74,106,131,23,2,277,40,68
2020-09-23T00:00:00,1962,42,7,9,234,111,41,188,65,263,24,5,106,79,124,182,135,29,3,215,48,52
2020-09-24T00:00:00,1900,26,10,10,230,99,60,134,88,321,24,5,130,87,94,124,118,23,2,261,26,28
2020-09-25T00:00:00,2016,32,28,16,320,127,43,168,102,275,19,5,117,79,93,113,119,34,9,262,28,27
2020-09-26T00:00:00,1403,20,45,9,213,77,18,126,74,140,22,6,132,94,60,95,97,20,1,132,17,5
2020-09-27T00:00:00,817,6,5,24,158,41,1,55,53,54,12,1,117,51,12,79,34,10,4,97,2,1
2020-09-28T00:00:00,2142,38,6,20,367,173,52,165,101,273,26,6,91,91,93,180,132,40,6,206,17,59
2020-09-29T00:00:00,2227,19,29,19,378,106,36,126,98,285,29,2,134,91,90,162,144,39,1,378,27,34
2020-09-30T00:00:00,2495,37,34,20,387,150,65,164,102,347,41,3,178,108,77,159,247,46,8,268,23,31
2020-10-01T00:00:00,2886,47,67,20,423,193,54,184,176,418,52,0,220,129,83,158,229,78,6,296,9,44
2020-10-02T00:00:00,3156,46,18,18,490,282,57,198,138,436,64,17,282,95,96,178,249,60,3,316,58,55
2020-10-03T00:00:00,2414,34,13,36,278,147,44,214,140,378,34,2,198,106,69,175,233,48,7,239,14,5
2020-10-04T00:00:00,1656,18,3,17,439,83,14,113,83,87,27,4,152,99,29,116,161,4,14,152,10,31
2020-10-05T00:00:00,4419,64,9,25,930,273,83,303,220,689,76,1,204,193,105,209,409,91,5,382,58,90
2020-10-06T00:00:00,4715,108,13,22,640,292,93,337,216,833,59,12,284,283,135,235,417,107,16,533,61,19
2020-10-07T00:00:00,5278,86,19,56,730,310,124,352,281,964,70,12,410,152,144,317,450,102,28,532,87,52
2020-10-08T00:00:00,5950,97,38,88,579,422,107,458,301,1246,113,14,443,189,174,300,554,165,25,508,85,44
2020-10-09T00:00:00,6711,102,21,27,755,399,131,487,310,1545,101,16,470,326,154,373,631,133,37,553,96,44
2020-10-10T00:00:00,5822,129,18,45,868,381,66,412,284,1139,69,46,543,142,102,385,516,150,23,441,52,11
2020-10-11T00:00:00,3185,54,15,31,610,192,28,254,198,307,60,22,361,130,57,216,321,77,33,208,9,2
2020-10-12T00:00:00,9220,135,8,65,1584,497,142,587,448,2222,179,26,641,254,119,390,808,157,35,692,171,60
2020-10-13T00:00:00,10091,239,6,71,1728,682,119,695,552,2245,126,52,678,357,180,546,720,178,30,708,86,93
2020-10-14T00:00:00,11064,153,9,76,1811,685,144,838,407,2625,171,51,961,268,175,525,914,246,56,677,181,91
2020-10-15T00:00:00,11741,183,62,91,1818,640,179,936,486,3048,159,21,946,283,231,511,872,212,56,814,109,84
2020-10-16T00:00:00,13337,249,36,92,1907,767,223,965,565,3316,199,15,1201,357,205,518,1090,240,61,1003,187,141
2020-10-17T00:00:00,11420,168,26,139,1300,751,116,1140,446,2502,193,34,1294,323,168,476,1024,341,60,703,180,36
2020-10-18T00:00:00,6082,61,14,104,954,204,56,599,288,701,62,38,802,242,103,304,959,86,87,359,51,8
2020-10-19T00:00:00,17257,303,31,121,2816,1016,261,1132,661,4752,312,27,1375,394,253,623,1187,332,83,1150,252,176
2020-10-20T00:00:00,19204,345,44,145,2734,1343,292,1277,735,5073,322,34,1485,488,248,657,1489,432,140,1475,262,184
2020-10-21T00:00:00,22274,352,56,159,2931,1447,359,1268,897,5987,465,61,1784,576,307,1062,1899,448,76,1592,323,225
2020-10-22T00:00:00,23744,434,36,181,2471,1567,408,2029,1025,6641,395,30,2169,654,349,837,1743,435,172,1688,322,158
2020-10-23T00:00:00,25721,405,41,157,2917,1772,461,1897,1039,6971,501,96,2163,730,359,896,2046,572,102,1927,416,253
2020-10-24T00:00:00,19674,429,53,111,1812,1265,331,1749,613,4709,323,75,2214,717,192,752,1961,467,141,1468,198,94
2020-10-25T00:00:00,10700,158,23,200,1368,731,130,1014,368,1944,170,17,1270,385,163,648,1097,45,101,668,141,59
2020-10-26T00:00:00,28108,517,132,158,3545,1935,578,1781,1003,7866,502,39,2214,736,399,1061,2018,469,131,2454,332,238
2020-10-27T00:00:00,31023,438,79,159,3177,2263,681,1697,1024,8986,618,133,2827,849,409,933,2466,585,128,2933,427,211
2020-10-28T00:00:00,33486,514,173,273,3625,2345,625,1613,1095,9207,510,125,3236,897,459,1121,3112,671,112,2969,529,275
2020-10-29T00:00:00,32680,565,97,236,3773,2177,604,2084,1114,9347,650,109,2622,881,509,1020,2480,601,157,2883,502,269
2020-10-30T00:00:00,34942,589,135,308,4106,2209,507,2373,1036,9732,581,92,3242,1133,444,1238,2739,601,108,2997,446,326
2020-10-31T00:00:00,25101,591,149,176,3142,1612,228,1435,630,5899,561,64,2852,740,253,947,2308,616,71,2171,553,103
2020-11-01T00:00:00,13124,159,46,162,1687,547,69,1912,363,2098,165,33,1936,518,187,612,1216,87,113,1025,130,59
2020-11-02T00:00:00,34741,655,175,351,4481,2610,559,2096,898,9647,555,105,2938,1018,559,1513,1932,553,96,3068,586,346
2020-11-03T00:00:00,37430,603,174,256,4896,2682,646,1881,1008,10486,742,70,3393,1081,425,1545,2187,674,140,3617,655,269
2020-11-04T00:00:00,40993,713,199,402,5144,2837,723,2325,1095,10557,658,114,4236,1274,350,1706,3280,851,122,3448,702,257
2020-11-05T00:00:00,39590,577,181,383,4381,2727,794,2195,1197,10156,693,134,4229,1472,366,1747,2889,710,109,3638,684,328
2020-11-06T00:00:00,41424,795,209,542,4558,2802,666,2616,1076,10409,796,82,4975,1389,422,1650,2827,759,122,3802,650,277
2020-11-07T00:00:00,29540,511,181,270,3317,2113,311,1817,763,6592,611,71,3817,992,286,1475,2374,575,97,2497,712,158
2020-11-08T00:00:00,15133,101,140,263,1932,807,123,1446,408,2187,244,8,2430,559,182,1197,1433,85,146,1239,108,95
2020-11-09T00:00:00,37814,785,219,394,4990,2460,680,1642,990,9380,672,116,3902,1563,402,2073,2294,629,141,3477,720,285
2020-11-10T00:00:00,39916,768,331,364,4885,2822,822,1953,1212,10445,728,82,3693,1515,412,1515,2707,632,127,3971,616,316
2020-11-11T00:00:00,38778,862,216,402,4710,2755,811,1695,1099,9696,550,117,4245,1437,427,1663,2660,711,166,3635,603,318
2020-11-12T00:00:00,38151,810,276,341,4364,2844,767,1839,1015,9317,633,74,4428,1587,501,1496,2692,658,210,3458,624,217
2020-11-13T00:00:00,38965,713,235,281,4181,2672,905,2032,944,9645,545,176,4867,1507,398,1837,2514,569,132,3645,833,334
2020-11-14T00:00:00,28066,569,235,296,3533,1981,437,1944,563,5580,409,110,3775,1264,303,1502,2001,513,139,2331,485,96
2020-11-15T00:00:00,13914,150,75,241,1948,779,176,1189,280,1538,249,42,2453,675,179,1431,1187,50,99,1021,89,63
2020-11-16T00:00:00,36288,812,262,467,4229,2856,995,2126,875,8593,536,203,3446,1456,392,2001,1907,476,122,3679,552,303
2020-11-17T00:00:00,37887,695,210,446,3673,2955,1018,2341,851,9131,588,129,3931,1832,388,1916,2063,505,91,4073,780,271
2020-11-18T00:00:00,36314,763,220,427,4221,2568,1144,2399,830,8100,375,113,3798,1626,382,2029,2093,495,125,3623,702,281
2020-11-19T00:00:00,34932,710,261,398,4148,2658,942,2137,732,7949,495,106,3787,1609,409,1891,2024,426,124,3363,582,181
2020-11-20T00:00:00,32317,687,235,442,3494,2563,903,2137,624,7310,437,134,3267,1656,454,1366,1702,384,123,3745,476,178
2020-11-21T00:00:00,22403,394,138,210,2598,1794,445,1901,439,4076,418,82,2690,1281,322,1343,1355,330,41,2183,298,65
2020-11-22T00:00:00,10491,69,69,159,1563,628,180,1380,183,1069,122,6,1568,510,150,774,748,60,98,1028,79,48
2020-11-23T00:00:00,28042,732,304,369,3460,2352,1021,1621,557,5311,438,138,2271,1485,445,1582,1198,336,66,3589,467,300
2020-11-24T00:00:00,28402,661,181,433,3579,2064,994,1461,544,5977,482,128,2586,1615,362,1560,1310,361,28,3597,248,231
2020-11-25T00:00:00,27050,609,185,460,2745,2277,1132,1592,520,5195,431,126,2625,1605,398,1463,1215,334,51,3463,315,309
2020-11-26T00:00:00,26246,439,265,417,2875,2160,943,1443,458,4826,509,101,2706,1853,371,1347,1103,289,59,3408,506,168
2020-11-27T00:00:00,24090,547,239,368,2051,2086,1022,1428,467,4065,479,154,2333,1682,460,1319,1009,328,35,3381,362,275
2020-11-28T00:00:00,17889,366,126,253,1962,1680,498,1316,341,2755,419,74,1843,1040,306,1046,850,202,73,2387,214,138
2020-11-29T00:00:00,7959,45,33,111,967,561,172,1137,133,640,155,6,873,583,153,524,544,23,20,1175,19,85
2020-11-30T00:00:00,22284,457,150,251,2248,1959,921,1256,393,3698,443,136,1543,1362,516,1338,753,268,37,3848,364,343
2020-12-01T00:00:00,22896,447,144,283,1962,1999,972,1500,453,4213,494,112,1642,1510,415,974,889,284,28,3945,312,318
2020-12-02T00:00:00,21213,390,174,231,1735,2107,882,1288,355,3556,473,88,1921,1392,399,940,944,202,48,3632,232,224
2020-12-03T00:00:00,19851,309,102,228,1581,1808,945,1248,318,3222,430,111,1828,1528,398,910,744,193,27,3441,294,186
2020-12-04T00:00:00,20208,370,107,278,1466,1988,764,1426,347,2885,385,63,1636,1383,405,961,720,256,42,4171,247,308
2020-12-05T00:00:00,15140,210,73,154,1283,1687,392,1285,225,1838,347,61,1173,1157,278,945,612,181,36,2928,150,125
2020-12-06T00:00:00,6199,26,38,64,650,530,120,472,100,434,103,4,748,383,135,609,349,15,28,1299,18,74
2020-12-07T00:00:00,19257,466,78,207,1466,1890,880,1138,362,2575,369,15,1005,1295,343,941,586,219,20,4733,357,312
2020-12-08T00:00:00,7467,85,13,72,628,605,161,674,135,437,134,2,719,386,158,441,503,23,16,2044,116,115
2020-12-09T00:00:00,19973,355,109,172,1255,1945,961,1011,349,3341,409,87,1026,1394,299,832,559,231,18,5030,314,276
2020-12-10T00:00:00,20403,250,114,185,1233,1953,938,1269,328,3352,423,25,1240,1385,248,809,671,264,13,5152,237,314
2020-12-11T00:00:00,19563,318,86,210,1308,1672,818,1261,378,2978,388,79,1395,1106,389,778,606,190,20,4859,258,466
2020-12-12T00:00:00,14102,222,55,150,915,1402,371,1263,228,1883,437,93,965,914,184,770,439,144,30,3167,152,318
2020-12-13T00:00:00,5635,29,3,87,353,526,102,549,65,367,95,40,594,382,153,459,272,10,21,1423,20,85
2020-12-14T00:00:00,18026,275,109,202,1066,1864,754,1066,316,2583,458,39,716,993,405,1030,563,231,19,4564,297,476
2020-12-15T00:00:00,18396,215,49,194,909,1675,803,1370,377,3063,487,65,1119,906,304,790,647,167,35,4743,199,279
2020-12-16T00:00:00,16781,248,112,207,951,1653,715,991,359,2554,369,70,1082,1210,317,941,429,162,20,3994,198,199
2020-12-17T00:00:00,16411,162,59,214,1005,1540,626,1355,239,2335,360,69,1037,1303,328,922,555,123,23,3759,155,242
2020-12-18T00:00:00,16839,207,77,176,911,1621,613,1115,322,2245,384,98,1007,1236,319,916,490,158,19,4463,233,229
2020-12-19T00:00:00,12843,103,78,157,737,1267,290,1130,255,1656,381,14,770,961,240,773,444,101,20,3156,160,150
2020-12-20T00:00:00,6386,28,6,110,485,542,107,924,81,317,160,85,496,532,156,627,207,15,18,1424,15,51
2020-12-21T00:00:00,17158,358,84,242,1090,1916,652,1050,333,2296,397,86,556,987,372,1042,459,176,16,4644,226,176
2020-12-22T00:00:00,19430,202,115,244,1159,2022,803,1473,329,2765,471,67,953,1216,380,1069,586,166,28,4861,208,313
2020-12-23T00:00:00,18943,269,118,229,1023,1906,755,1546,337,2583,664,81,1071,1301,398,972,508,231,18,4514,196,223
2020-12-24T00:00:00,15755,72,50,280,648,1748,548,1409,247,2007,335,12,1025,990,172,1025,454,163,29,4167,181,193
2020-12-25T00:00:00,4471,14,10,69,297,436,68,420,66,201,84,3,319,304,69,384,195,13,8,1440,30,41
2020-12-26T00:00:00,7912,35,17,182,362,770,181,875,181,621,208,4,533,419,116,758,229,78,28,1929,265,121
2020-12-27T00:00:00,7658,27,8,179,662,882,203,788,131,526,195,8,274,399,121,863,203,48,18,1990,45,88
2020-12-28T00:00:00,19069,314,128,329,1324,2433,876,1166,425,1925,653,74,620,1095,424,1465,491,266,27,4514,320,200
2020-12-29T00:00:00,23881,401,153,416,1280,2663,964,1919,419,3491,709,95,1084,1519,426,1383,656,287,26,5334,269,387
2020-12-30T00:00:00,23657,386,120,412,1381,2428,897,1972,493,3292,677,77,1396,1551,376,1782,585,304,22,4688,451,367
2020-12-31T00:00:00,18912,128,117,210,752,2154,740,1864,346,2605,579,21,1236,1224,261,1326,528,185,16,3984,321,315
2021-01-01T00:00:00,5759,27,20,368,331,540,73,600,96,237,171,7,500,296,152,458,264,13,7,1492,49,58
2021-01-02T00:00:00,16107,327,68,916,997,2082,385,1674,283,1678,564,88,618,1001,190,1375,342,237,9,2663,399,211
2021-01-03T00:00:00,8321,50,28,103,522,801,252,1218,199,508,163,3,490,573,161,1142,277,12,39,1627,65,88
2021-01-04T00:00:00,22780,408,170,406,1432,2653,1038,1387,487,3008,656,75,849,1437,470,2129,455,333,21,4479,555,332
2021-01-05T00:00:00,24545,356,173,360,1208,2632,1014,2041,416,4138,714,62,1364,1610,337,2085,699,300,28,4192,466,350
2021-01-06T00:00:00,8980,15,36,225,652,755,183,1052,214,523,304,19,1019,454,168,1289,378,7,27,1457,95,108
2021-01-07T00:00:00,21298,379,132,401,1335,2543,959,1247,385,3149,685,95,914,1470,387,2241,545,318,21,3152,695,245
2021-01-08T00:00:00,20867,339,145,513,1196,2235,831,1612,475,3136,630,77,1281,1544,508,1742,533,334,20,2919,528,269
2021-01-09T00:00:00,15427,234,138,262,1059,1722,474,1460,273,2073,500,47,989,1238,240,1726,471,152,27,1865,340,137
2021-01-10T00:00:00,6873,47,14,188,584,556,142,995,128,364,158,5,556,451,167,1255,206,14,20,923,35,65
2021-01-11T00:00:00,16884,351,178,260,1238,1796,760,1065,447,2191,569,125,690,1256,293,1867,476,300,8,2343,495,176
2021-01-12T00:00:00,16316,274,65,287,1146,1755,643,1274,306,2507,522,75,1053,1318,293,1706,503,234,26,1816,301,212
2021-01-13T00:00:00,15293,229,87,364,1106,1618,527,1092,275,2194,494,48,1057,1277,243,1782,443,217,15,1520,542,163
2021-01-14T00:00:00,14493,232,56,330,1107,1348,630,1035,277,2037,443,96,927,1399,253,1705,394,239,17,1466,376,126
2021-01-15T00:00:00,14195,212,82,405,971,1374,605,845,332,2016,446,70,822,1203,282,1705,420,230,16,1510,468,181
2021-01-16T00:00:00,10810,155,63,219,746,1200,295,1171,303,1392,379,47,599,880,167,1148,390,171,17,984,368,116
2021-01-17T00:00:00,4882,18,10,144,434,470,95,462,111,364,130,1,373,316,88,1022,190,14,10,524,66,40
2021-01-18T00:00:00,14407,303,47,297,1083,1498,628,996,300,1943,481,44,555,1147,243,1518,448,307,14,1621,743,191
2021-01-19T00:00:00,14414,233,60,285,1040,1342,701,1184,302,2184,495,48,947,1229,234,1347,518,302,23,1127,573,240
2021-01-20T00:00:00,13591,275,63,231,1003,1352,542,1013,296,2087,453,41,956,1031,174,1400,456,295,23,1055,687,158
2021-01-21T00:00:00,12735,258,50,396,961,1272,522,1010,295,1787,403,78,742,999,207,1194,479,297,7,1064,543,171
2021-01-22T00:00:00,13536,285,67,352,1107,1254,641,1030,264,1849,424,86,848,1101,238,1199,490,322,4,1083,703,189
2021-01-23T00:00:00,10406,177,98,188,923,1170,307,855,281,1466,396,38,577,811,155,1089,476,195,16,702,371,115
2021-01-24T00:00:00,4779,14,9,119,430,363,90,819,87,342,117,7,384,331,106,719,269,23,8,405,100,37
2021-01-25T00:00:00,14192,403,72,223,1327,1531,552,859,328,1984,451,96,561,1179,243,1225,471,447,1,1290,767,182
2021-01-26T00:00:00,14484,292,53,360,1165,1354,600,1279,358,2325,498,56,953,1234,191,986,692,399,17,880,549,243
2021-01-27T00:00:00,13194,374,45,148,1156,1201,537,1025,313,2061,487,77,901,1157,172,961,635,326,8,822,550,238
2021-01-28T00:00:00,12143,320,57,248,1057,1250,472,826,284,1780,368,86,1057,1008,166,716,586,335,8,718,554,247
2021-01-29T00:00:00,12829,430,52,238,1395,1291,477,930,318,1803,389,88,738,1161,171,820,524,255,1,782,716,250
2021-01-30T00:00:00,10175,242,32,178,1042,1055,288,984,259,1423,362,89,646,789,137,870,476,277,23,509,375,119
2021-01-31T00:00:00,4752,69,10,199,707,423,99,623,122,299,86,5,414,296,59,533,281,59,0,278,152,38
2021-02-01T00:00:00,13321,486,57,256,1433,1394,501,868,333,1764,445,69,696,1125,128,851,552,435,7,870,852,199
2021-02-02T00:00:00,13799,461,51,199,1342,1338,509,1064,387,2300,440,84,870,976,197,787,781,429,10,689,615,270
2021-02-03T00:00:00,13190,433,100,162,1530,1297,422,884,370,2001,415,111,807,1085,161,687,677,424,4,675,713,232
2021-02-04T00:00:00,13154,433,75,218,1495,1336,387,1080,319,1971,413,80,861,975,153,675,693,381,10,711,690,198
2021-02-05T00:00:00,13491,437,74,134,1675,1486,366,1000,328,1960,354,94,869,986,155,701,748,399,7,756,673,289
2021-02-06T00:00:00,10635,343,81,177,1300,1151,221,883,307,1551,374,84,750,722,78,591,632,392,4,455,382,157
2021-02-07T00:00:00,4711,71,10,120,722,500,86,589,113,366,126,3,363,282,41,442,356,51,9,315,100,46
2021-02-08T00:00:00,13720,439,134,263,1623,1391,377,733,397,2047,415,156,509,1107,139,644,632,536,15,982,992,189
2021-02-09T00:00:00,14431,623,93,102,1379,1488,421,977,329,2534,538,76,927,1105,126,572,902,426,8,781,704,320
2021-02-10T00:00:00,13702,474,90,154,1552,1488,320,883,327,2446,492,101,908,1003,109,496,795,430,7,696,690,241
2021-02-11T00:00:00,13288,516,87,216,1614,1479,325,905,310,2215,454,83,852,1001,90,531,778,391,8,682,533,218
2021-02-12T00:00:00,13012,463,91,164,1594,1456,290,923,330,2303,378,105,808,920,98,449,759,338,13,676,595,259
2021-02-13T00:00:00,9747,332,57,127,998,1266,159,797,240,1764,289,34,719,663,59,489,669,253,6,426,271,129
2021-02-14T00:00:00,4324,47,16,66,717,530,55,418,93,460,85,9,408,236,67,402,290,30,6,237,120,32
2021-02-15T00:00:00,12882,543,116,190,1441,1599,291,695,296,2151,520,164,585,862,101,480,741,381,6,808,692,220
2021-02-16T00:00:00,14012,538,89,134,1291,1801,341,867,350,2869,540,94,871,870,84,418,961,392,13,760,440,289
2021-02-17T00:00:00,13918,423,122,213,1506,1757,276,742,304,2875,437,142,860,812,97,448,996,297,6,784,512,309
2021-02-18T00:00:00,14492,471,102,191,1574,1818,316,776,341,3037,511,90,1039,873,77,403,926,371,9,878,433,256
2021-02-19T00:00:00,15334,503,136,160,1472,1924,353,996,318,3180,538,80,1028,995,58,455,1082,322,6,979,426,323
2021-02-20T00:00:00,12535,361,63,132,1265,1905,225,650,319,2476,463,67,817,702,76,497,933,237,5,797,311,234
2021-02-21T00:00:00,5694,86,18,93,665,630,86,805,110,681,95,8,498,293,45,388,639,42,12,363,79,58
2021-02-22T00:00:00,17782,683,159,229,2094,2395,414,849,375,3510,689,135,978,1104,69,505,1114,363,3,1364,494,256
2021-02-23T00:00:00,19684,631,144,166,1999,2787,540,1289,382,4399,759,49,1341,1091,98,570,1280,268,13,1154,306,418
2021-02-24T00:00:00,19734,575,115,213,2138,2708,547,1270,426,4342,784,144,1431,1058,56,501,1243,277,8,1134,353,411
2021-02-25T00:00:00,19349,500,81,215,2038,2844,573,1157,353,4358,697,59,1502,1184,99,487,1148,288,12,1150,271,333
2021-02-26T00:00:00,20776,493,142,146,2296,2780,490,1319,363,4753,722,143,1613,1301,108,583,1319,272,11,1192,332,398
2021-02-27T00:00:00,15836,309,129,185,1803,2363,356,1249,291,3393,623,42,1067,872,39,493,1134,178,27,871,202,210
2021-02-28T00:00:00,6977,54,30,70,1037,880,123,682,147,812,159,9,690,479,47,417,714,27,1,474,43,82
2021-03-01T00:00:00,21846,566,139,203,2713,3135,644,1153,446,4652,809,119,1642,1278,77,544,1160,299,6,1598,349,314
2021-03-02T00:00:00,22940,487,131,199,2306,3416,726,1559,417,5438,916,49,1768,1287,93,547,1323,276,10,1463,198,331
2021-03-03T00:00:00,23692,566,137,260,2582,3190,738,1537,424,5306,851,152,2036,1485,99,556,1327,298,16,1569,222,341
2021-03-04T00:00:00,22595,593,171,275,2112,2990,757,1224,325,5314,928,37,2165,1443,99,615,1306,249,15,1431,205,341
2021-03-05T00:00:00,24097,521,182,270,2195,3369,727,1509,315,5554,783,74,2335,1658,95,640,1310,297,23,1730,212,298
2021-03-06T00:00:00,17980,254,130,104,1842,2623,512,1405,303,3491,675,39,1748,1098,76,597,1291,172,17,1265,149,189
2021-03-07T00:00:00,7918,54,57,97,1165,994,104,781,136,933,149,3,947,442,126,427,701,22,9,638,31,102
2021-03-08T00:00:00,23749,511,172,222,2708,3070,921,1264,373,5341,939,110,1647,1626,67,698,1229,300,11,2030,231,279
2021-03-09T00:00:00,25784,553,90,439,2632,3484,1075,1579,385,5787,993,58,2278,1564,114,682,1375,300,22,1826,164,384
2021-03-10T00:00:00,25551,399,182,290,2392,3192,933,1477,398,6352,893,99,2453,1661,116,678,1378,249,41,1842,171,355
2021-03-11T00:00:00,25465,462,98,285,2356,2976,921,1761,351,5807,928,81,2828,1701,94,640,1452,242,28,2066,130,258
2021-03-12T00:00:00,25099,382,152,282,2498,3003,1028,1761,373,5710,800,62,2457,1572,94,617,1442,235,34,2118,171,308
2021-03-13T00:00:00,19853,350,96,366,2242,2353,614,1477,344,3515,704,27,1890,1571,127,780,1314,191,43,1560,73,216
2021-03-14T00:00:00,8771,63,48,154,1203,1245,84,898,147,926,151,4,1073,523,54,471,854,23,29,778,10,33
2021-03-15T00:00:00,24206,457,180,273,2550,2733,883,1296,376,5291,865,86,2121,1772,104,779,1213,296,28,2433,207,263
2021-03-16T00:00:00,25647,478,159,425,2267,3058,1086,1935,415,5645,848,64,2290,1692,123,784,1564,216,51,2119,130,298
2021-03-17T00:00:00,24591,391,107,349,2187,2653,974,1465,410,5544,800,60,2502,2039,137,805,1634,169,40,1860,140,325
2021-03-18T00:00:00,23779,312,146,418,2230,2420,909,1961,398,4870,716,74,2723,1724,145,878,1391,218,43,1865,116,222
2021-03-19T00:00:00,23319,310,183,340,2043,2369,875,1586,410,4901,704,37,2584,1989,155,794,1405,167,51,2003,129,284
2021-03-20T00:00:00,17711,246,72,296,1763,1948,594,1338,395,3162,498,21,1941,1509,186,721,1212,172,49,1391,60,137
2021-03-21T00:00:00,8336,45,18,162,979,757,124,1005,185,836,212,4,1267,548,123,512,712,10,32,706,15,84
2021-03-22T00:00:00,23125,393,131,353,2214,2350,829,1494,442,4819,639,42,1704,2226,182,910,1294,212,50,2433,177,231
2021-03-23T00:00:00,24281,356,114,511,2025,2273,819,1869,477,5325,622,38,2264,2049,214,1003,1566,258,72,2012,112,302
2021-03-24T00:00:00,23954,371,113,457,2090,2224,728,1733,541,5114,632,44,2441,2142,222,872,1677,175,65,1955,133,225
2021-03-25T00:00:00,22905,292,148,450,2075,2154,705,1619,560,4580,624,46,2616,1851,216,1000,1479,237,75,1832,136,210
2021-03-26T00:00:00,23226,368,130,490,2244,2067,632,1615,498,4667,667,62,2519,2243,292,1098,1282,230,87,1711,104,220
2021-03-27T00:00:00,17090,234,120,268,1605,1705,391,1404,406,2895,462,18,1872,1501,255,953,1293,140,84,1300,59,125
2021-03-28T00:00:00,8048,71,29,106,861,731,95,879,240,663,86,3,1230,554,211,739,765,13,43,653,21,55
2021-03-29T00:00:00,22092,369,171,391,2203,1966,663,1229,575,4357,627,30,1708,2239,406,963,1485,235,67,2040,163,205
2021-03-30T00:00:00,23050,372,127,393,2214,1833,633,1750,523,4492,584,39,2107,2254,422,1312,1687,165,81,1786,91,185
2021-03-31T00:00:00,21819,309,173,512,2056,1897,599,1547,606,3960,514,48,2226,2229,442,1066,1631,196,99,1438,114,157
2021-04-01T00:00:00,21391,266,144,497,2190,1698,443,1501,449,4102,559,39,2632,1969,367,1185,1539,134,82,1358,101,136
2021-04-02T00:00:00,20244,330,110,502,2232,1671,481,1312,456,3710,408,28,1994,2139,393,1286,1457,154,31,1290,121,139
2021-04-03T00:00:00,15353,146,84,322,1490,1265,204,1404,461,2312,300,15,1671,1562,290,1358,1149,127,144,900,67,82
2021-04-04T00:00:00,5547,22,28,105,562,275,40,771,143,442,55,0,755,420,167,538,698,14,40,420,27,25
2021-04-05T00:00:00,7138,51,13,145,825,551,68,680,249,947,179,1,753,437,158,648,729,82,27,515,53,27
2021-04-06T00:00:00,18272,350,166,446,2231,1609,439,999,433,3098,445,29,1219,2164,410,1232,1109,186,69,1369,108,161
2021-04-07T00:00:00,18943,306,202,557,2065,1348,410,1457,433,3351,445,34,1751,1843,422,1351,1415,150,75,1077,121,130
2021-04-08T00:00:00,17394,268,185,519,1827,1332,364,1234,400,2792,383,56,1713,1807,505,1312,1240,185,65,1009,101,97
2021-04-09T00:00:00,16972,263,223,543,2089,1299,344,1259,357,2594,428,44,1426,1637,444,1347,1168,172,41,1109,75,110
2021-04-10T00:00:00,13822,194,189,318,1736,1010,182,1130,397,1896,267,27,1285,1430,282,1224,1108,110,50,829,64,94
2021-04-11T00:00:00,6570,24,60,241,1024,399,51,699,111,444,75,0,652,524,192,973,611,3,26,414,12,35
2021-04-12T00:00:00,16676,271,223,562,2281,1224,348,928,391,2586,410,47,829,1751,550,1502,1051,147,58,1259,141,117
2021-04-13T00:00:00,17033,258,209,514,2195,1188,355,1139,439,2837,364,21,1349,1618,425,1380,1251,146,65,1088,70,122
2021-04-14T00:00:00,16034,194,214,476,2142,1157,225,1158,376,2559,320,68,1289,1545,379,1369,1285,129,46,930,68,105
2021-04-15T00:00:00,14706,179,202,421,2010,1078,206,963,301,2307,297,35,1337,1491,379,1214,1039,89,32,967,77,82
2021-04-16T00:00:00,14887,265,157,563,1949,1080,222,1036,321,2271,438,60,1272,1524,285,1134,994,133,33,968,94,88
2021-04-17T00:00:00,11251,156,131,280,1725,833,144,898,248,1490,187,12,987,1126,183,1034,873,96,45,716,30,57
2021-04-18T00:00:00,5619,24,35,199,951,381,30,559,124,404,29,2,544,352,199,949,437,9,46,319,6,20
2021-04-19T00:00:00,14535,231,215,395,2102,1044,223,886,336,2395,356,48,681,1600,300,1259,829,122,39,1197,155,122
2021-04-20T00:00:00,15438,211,135,627,1945,1107,243,1199,310,2592,346,51,1141,1383,285,1255,1189,115,53,1059,90,102
2021-04-21T00:00:00,14475,177,249,341,2013,1000,192,1036,336,2308,338,39,1128,1557,337,1116,997,133,51,935,95,97
2021-04-22T00:00:00,14056,165,129,492,1919,1092,161,939,318,2278,297,47,1115,1422,256,1166,938,129,39,988,66,100
2021-04-23T00:00:00,14263,189,178,441,2127,1008,219,1051,306,2310,297,28,934,1439,268,1188,892,127,41,1033,101,86
2021-04-24T00:00:00,11867,135,122,378,1772,869,159,1053,220,1697,289,19,1010,1065,170,1077,819,89,62,756,43,63
2021-04-25T00:00:00,5087,6,42,184,896,351,17,568,101,359,40,0,512,308,114,825,426,3,24,292,10,9
2021-04-26T00:00:00,13523,182,121,467,1904,1050,188,844,321,2346,324,34,617,1451,292,950,830,145,56,1186,107,108
2021-04-27T00:00:00,14222,195,159,455,1898,1058,159,1177,285,2527,314,36,1122,1301,235,1036,1097,102,53,847,65,101
2021-04-28T00:00:00,13504,169,189,499,1929,1059,165,1054,288,2132,276,35,1156,1292,183,986,860,157,43,883,69,80
2021-04-29T00:00:00,12215,194,190,325,1888,949,129,842,269,1910,265,33,1067,1214,175,932,812,115,52,719,68,67
2021-04-30T00:00:00,12752,204,147,317,1842,874,170,1057,216,2094,241,52,997,1274,202,1049,899,118,34,794,80,91
2021-05-01T00:00:00,5978,55,71,184,924,366,14,495,173,556,73,0,725,420,43,811,557,45,29,387,31,19
2021-05-02T00:00:00,4509,13,29,159,845,344,30,507,73,421,52,1,269,292,54,660,409,9,18,284,14,26
2021-05-03T00:00:00,11306,238,130,372,1619,851,164,699,211,1872,329,25,577,1264,149,871,721,124,30,856,117,87
2021-05-04T00:00:00,11240,158,144,281,1413,830,124,903,212,2195,262,17,892,943,109,795,901,119,37,771,54,80
2021-05-05T00:00:00,10602,173,126,377,1450,759,93,907,165,1762,292,37,928,877,142,843,756,107,25,642,67,74
2021-05-06T00:00:00,9362,121,135,319,1328,788,82,758,159,1505,240,14,784,751,131,704,671,108,47,600,52,65
2021-05-07T00:00:00,9307,122,132,293,1430,625,83,711,158,1393,268,25,811,856,109,760,661,105,22,561,103,79
2021-05-08T00:00:00,7231,116,71,208,1162,559,76,681,119,882,196,7,674,593,54,663,594,84,22,405,30,35
2021-05-09T00:00:00,3495,8,32,126,702,218,11,461,36,236,29,0,300,191,25,592,273,7,9,212,10,17
2021-05-10T00:00:00,8013,154,116,287,1184,598,88,468,164,1418,206,29,444,778,103,654,503,109,26,534,91,59
2021-05-11T00:00:00,8159,138,98,328,1053,566,83,749,144,1386,228,14,811,530,79,603,640,109,23,463,49,65
2021-05-12T00:00:00,7368,112,114,201,1099,503,65,488,126,1280,239,14,685,527,79,604,561,107,40,407,77,40
2021-05-13T00:00:00,6557,114,106,197,908,481,37,549,120,1116,202,5,608,537,66,458,497,73,25,351,54,53
2021-05-14T00:00:00,6419,95,104,239,953,440,59,486,89,1046,184,19,486,470,70,568,534,63,15,358,68,73
2021-05-15T00:00:00,4936,71,68,149,710,378,34,388,79,788,147,0,499,341,20,453,428,56,15,243,22,47
2021-05-16T00:00:00,2074,6,18,67,331,137,7,253,43,159,33,0,201,116,24,331,190,5,6,126,6,15
2021-05-17T00:00:00,5432,85,68,217,729,463,60,393,88,963,151,15,257,427,66,418,399,69,19,400,97,48
2021-05-18T00:00:00,5721,101,72,216,631,380,41,503,106,1026,197,5,540,408,46,437,511,56,17,330,39,59
2021-05-19T00:00:00,4994,87,70,175,597,391,42,396,80,818,183,10,497,356,48,419,397,42,15,276,56,39
2021-05-20T00:00:00,4332,59,55,182,470,295,25,347,62,835,121,2,390,362,38,336,371,47,11,251,46,27
2021-05-21T00:00:00,4450,59,47,177,611,315,40,369,76,747,130,5,378,329,30,414,346,37,27,192,71,50
2021-05-22T00:00:00,3572,59,43,135,474,256,20,354,71,567,114,1,306,230,21,336,322,38,16,149,24,36
2021-05-23T00:00:00,1393,9,5,40,210,119,5,178,27,108,22,0,90,66,6,269,145,1,6,72,6,9
2021-05-24T00:00:00,3910,52,59,206,507,284,33,250,54,684,140,11,230,355,58,344,270,54,11,249,27,32
2021-05-25T00:00:00,3981,50,56,158,438,233,33,342,65,742,122,3,336,255,32,400,346,31,6,211,75,47
2021-05-26T00:00:00,3622,48,49,128,424,225,30,291,56,657,115,10,327,241,32,413,249,24,1,216,41,45
2021-05-27T00:00:00,3355,63,46,177,437,199,54,235,44,512,87,3,267,200,29,387,266,65,12,194,40,38
2021-05-28T00:00:00,3375,35,50,165,503,188,45,271,57,576,92,5,218,221,29,363,223,41,18,181,58,36
2021-05-29T00:00:00,2667,47,16,100,359,176,21,225,43,437,68,1,252,148,21,341,201,44,13,100,27,27
2021-05-30T00:00:00,1153,3,9,10,230,79,5,119,14,81,27,1,84,59,19,231,114,3,8,51,1,5
2021-05-31T00:00:00,2928,53,25,149,477,217,21,173,51,498,86,8,197,232,35,230,176,38,9,168,44,41
2021-06-01T00:00:00,3101,64,33,160,492,199,26,204,35,571,92,4,263,179,46,300,215,26,8,113,40,31
2021-06-02T00:00:00,1239,6,2,71,193,78,0,119,13,116,28,0,132,48,32,231,102,0,2,58,3,5
2021-06-03T00:00:00,2730,62,56,123,417,183,72,145,22,487,104,4,176,190,47,259,132,38,4,161,23,25
2021-06-04T00:00:00,2947,34,28,133,494,180,25,212,40,463,81,5,233,170,29,328,241,32,5,129,58,27
2021-06-05T00:00:00,2055,21,27,51,407,113,18,176,17,320,46,2,133,129,21,270,167,19,5,93,8,12
2021-06-06T00:00:00,952,10,2,47,205,70,2,85,13,57,8,0,77,45,3,203,67,2,3,43,4,6
2021-06-07T00:00:00,2172,36,38,111,263,138,47,137,27,337,73,9,120,176,29,284,121,31,8,126,26,35
2021-06-08T00:00:00,2115,57,43,90,235,124,22,202,17,335,66,3,157,143,21,283,153,22,5,103,16,18
2021-06-09T00:00:00,1821,15,20,61,212,146,28,120,24,341,39,3,116,110,22,258,149,29,7,79,23,19
2021-06-10T00:00:00,1786,29,52,131,220,89,28,113,10,251,28,4,124,146,31,238,155,15,5,83,16,18
2021-06-11T00:00:00,1798,37,15,63,190,145,27,175,24,298,49,3,99,132,15,262,132,22,1,76,22,11
2021-06-12T00:00:00,1149,20,23,39,110,103,10,102,7,218,17,4,91,76,19,148,88,11,1,44,7,11
2021-06-13T00:00:00,549,3,1,19,70,41,0,47,5,39,3,0,27,27,17,161,46,6,3,32,0,2
2021-06-14T00:00:00,1446,22,30,67,182,91,13,98,13,267,23,11,70,149,15,184,85,18,2,87,12,7
2021-06-15T00:00:00,1292,24,24,63,125,81,31,138,20,229,20,4,92,109,12,161,80,13,1,54,5,6
2021-06-16T00:00:00,1195,14,24,61,119,90,20,100,10,185,33,8,59,95,6,204,58,20,3,58,18,10
2021-06-17T00:00:00,1109,28,15,52,110,67,19,87,22,173,12,11,83,88,6,189,61,13,2,55,8,8
2021-06-18T00:00:00,1070,30,20,106,111,63,10,68,17,157,13,8,48,65,14,177,80,7,3,54,10,9
2021-06-19T00:00:00,812,27,26,32,75,84,9,91,13,130,12,4,45,29,5,118,47,32,4,22,5,2
2021-06-20T00:00:00,354,3,3,6,32,36,4,47,2,33,2,0,20,29,5,92,22,2,0,13,1,2
2021-06-21T00:00:00,935,26,17,58,126,60,8,60,18,157,23,3,31,91,15,129,49,17,1,34,5,7
2021-06-22T00:00:00,914,20,23,26,92,76,29,84,5,158,3,6,39,59,17,132,76,8,1,48,8,4
2021-06-23T00:00:00,766,30,14,34,123,50,11,60,5,104,15,3,49,52,10,114,38,11,0,34,6,3
2021-06-24T00:00:00,779,24,13,43,114,52,19,65,7,152,11,5,35,48,18,80,38,10,2,33,3,7
2021-06-25T00:00:00,836,18,16,40,90,72,13,63,7,131,14,18,40,55,15,126,44,10,0,55,5,4
2021-06-26T00:00:00,637,24,21,12,90,57,8,68,8,88,5,0,33,39,3,95,44,6,1,34,1,0
2021-06-27T00:00:00,262,6,0,4,32,26,1,25,0,22,1,0,11,9,2,87,12,0,1,19,3,1
2021-06-28T00:00:00,818,43,7,24,125,45,26,40,26,153,16,2,21,46,19,107,39,13,2,47,12,5
2021-06-29T00:00:00,782,25,13,32,113,54,10,38,8,154,19,1,32,26,7,141,37,11,2,48,5,6
2021-06-30T00:00:00,858,37,10,11,119,49,18,63,12,137,40,0,28,53,16,122,55,7,2,64,10,5
2021-07-01T00:00:00,900,30,9,31,124,75,10,77,14,134,38,0,18,35,15,129,64,4,0,80,5,8
2021-07-02T00:00:00,963,32,11,42,146,50,13,84,10,162,31,3,41,47,16,131,57,5,3,66,8,5
2021-07-03T00:00:00,806,27,2,24,137,68,5,80,12,114,45,1,30,31,19,79,62,11,0,52,4,3
2021-07-04T00:00:00,396,4,1,11,47,34,5,24,2,33,11,0,18,16,8,120,25,2,0,32,3,0
2021-07-05T00:00:00,1125,44,10,33,154,88,13,92,15,181,50,4,22,55,20,143,62,4,0,122,12,1
2021-07-06T00:00:00,1360,36,13,71,161,99,30,155,20,215,35,3,37,52,40,142,83,14,2,140,7,5
2021-07-07T00:00:00,1191,35,14,47,185,80,8,90,12,169,31,11,37,65,41,163,89,5,1,99,6,3
2021-07-08T00:00:00,1366,39,5,37,178,108,19,135,16,245,28,0,37,35,29,224,69,18,1,128,12,3
2021-07-09T00:00:00,1467,30,10,63,189,99,20,143,36,223,21,7,47,33,64,207,80,11,0,157,20,7
2021-07-10T00:00:00,1360,16,2,14,165,108,18,200,13,205,5,1,51,40,52,198,83,5,2,169,5,8
2021-07-11T00:00:00,757,5,0,13,54,63,1,71,9,69,4,0,18,20,55,186,55,3,0,123,6,2
2021-07-12T00:00:00,1961,48,5,52,202,144,19,184,36,341,46,17,42,102,106,215,85,20,1,264,20,12
2021-07-13T00:00:00,2525,30,12,93,183,196,43,385,37,420,53,9,77,56,130,302,140,20,0,302,11,26
2021-07-14T00:00:00,2549,44,4,35,226,186,22,312,42,346,30,21,77,75,141,375,179,31,2,363,20,18
2021-07-15T00:00:00,3064,32,16,33,216,227,22,438,66,421,64,12,100,66,162,443,192,46,5,451,17,35
2021-07-16T00:00:00,3616,62,11,81,268,286,26,502,62,482,67,13,89,107,244,468,277,48,2,464,33,24
2021-07-17T00:00:00,2833,30,6,30,255,238,20,434,67,342,44,1,74,75,127,400,214,52,2,378,21,23
2021-07-18T00:00:00,1641,4,1,17,69,158,1,242,25,97,23,0,39,59,111,391,126,0,0,270,4,4
2021-07-19T00:00:00,4143,69,29,57,303,392,36,394,105,525,61,15,75,140,227,579,308,81,3,683,29,32
2021-07-20T00:00:00,4908,43,28,88,275,498,56,744,114,558,94,3,151,153,260,524,473,99,4,664,32,47
2021-07-21T00:00:00,5030,78,20,77,345,485,53,563,154,580,120,17,157,187,303,621,463,93,8,642,14,50
2021-07-22T00:00:00,4910,49,22,108,281,506,45,610,123,647,76,5,166,143,307,583,511,96,7,565,17,43
2021-07-23T00:00:00,5379,85,23,154,365,535,69,631,110,635,122,16,175,173,309,672,494,99,6,636,29,41
2021-07-24T00:00:00,4186,49,9,104,218,448,39,541,89,505,94,0,99,106,232,554,439,73,5,544,13,25
2021-07-25T00:00:00,2166,10,1,36,76,223,8,215,56,133,20,0,84,43,220,487,228,3,2,296,7,18
2021-07-26T00:00:00,6271,105,29,139,319,502,102,1097,182,746,132,18,157,197,429,615,543,163,3,724,32,37
2021-07-27T00:00:00,6340,90,21,205,345,549,72,863,127,830,120,1,168,202,382,655,757,134,2,748,25,44
2021-07-28T00:00:00,6093,99,37,109,388,605,76,598,123,689,103,15,226,201,360,811,730,146,4,707,40,26
2021-07-29T00:00:00,5859,80,31,87,374,627,74,470,137,759,168,3,245,192,338,750,673,132,4,653,26,36
2021-07-30T00:00:00,6062,99,70,190,466,657,78,265,161,714,164,23,300,192,366,750,687,107,2,707,27,37
2021-07-31T00:00:00,4925,39,19,83,313,468,53,673,123,573,126,0,162,151,211,652,572,65,5,590,14,33
2021-08-01T00:00:00,2363,10,1,70,157,294,17,182,34,115,49,2,105,67,139,516,252,2,3,336,1,11
2021-08-02T00:00:00,6589,110,69,162,476,643,131,441,123,712,194,16,169,336,413,853,720,164,28,769,35,25
2021-08-03T00:00:00,7091,95,91,133,558,658,120,614,140,876,241,7,261,306,420,786,823,152,9,742,24,35
2021-08-04T00:00:00,7109,104,29,227,596,829,86,639,191,674,196,15,237,279,434,887,787,136,11,708,17,27
2021-08-05T00:00:00,6366,94,43,231,553,654,78,537,140,677,187,9,242,279,368,770,676,131,6,638,32,21
2021-08-06T00:00:00,7057,128,59,206,575,658,87,694,152,705,184,10,244,287,386,1081,723,150,10,646,27,45
2021-08-07T00:00:00,5040,66,14,118,373,579,47,444,132,503,119,4,176,203,219,778,590,99,11,508,29,28
2021-08-08T00:00:00,2981,15,24,139,198,315,8,289,56,106,40,1,107,76,134,759,378,6,2,311,2,15
2021-08-09T00:00:00,6976,126,72,236,552,585,106,415,186,679,196,18,172,394,408,1015,825,181,8,680,79,43
2021-08-10T00:00:00,7246,140,50,240,588,708,101,424,181,765,227,3,285,321,393,1069,809,152,10,710,33,37
2021-08-11T00:00:00,6778,118,52,211,559,650,91,349,155,702,168,18,243,296,437,1091,851,139,6,542,70,30
2021-08-12T00:00:00,6857,80,56,266,617,625,112,236,176,664,181,6,279,322,393,1233,738,166,13,600,29,65
2021-08-13T00:00:00,6706,123,70,235,590,593,85,258,184,585,197,20,309,301,469,1209,735,112,8,532,52,39
2021-08-14T00:00:00,4978,50,51,126,389,538,49,237,134,339,122,4,225,171,241,1086,642,81,8,411,27,47
2021-08-15T00:00:00,2241,25,3,84,124,241,16,113,53,83,41,0,60,52,161,559,317,10,11,262,9,17
2021-08-16T00:00:00,6548,147,64,260,501,570,104,282,160,433,169,14,191,380,394,1223,701,160,24,656,74,41
2021-08-17T00:00:00,7500,166,74,309,615,652,108,296,195,666,205,10,237,294,394,1602,825,145,10,593,46,58
2021-08-18T00:00:00,7091,124,50,224,670,630,84,307,190,605,186,31,216,323,465,1508,761,106,11,527,42,31
2021-08-19T00:00:00,6959,95,29,316,474,629,81,281,180,493,175,1,230,324,378,1646,817,126,6,582,47,49
2021-08-20T00:00:00,7274,147,64,306,591,533,119,311,182,613,166,10,250,321,440,1782,590,118,6,603,88,34
2021-08-21T00:00:00,5528,77,55,232,422,554,62,265,137,396,103,3,210,191,286,1282,588,78,6,509,30,42
2021-08-22T00:00:00,3016,11,5,135,191,306,20,110,60,105,27,0,80,68,168,1159,266,7,1,258,22,17
2021-08-23T00:00:00,7757,166,89,335,663,592,131,357,197,619,248,22,200,405,420,1553,633,127,2,872,81,45
2021-08-24T00:00:00,7720,112,54,334,574,666,188,506,183,739,236,4,238,270,403,1457,758,148,10,730,66,44
2021-08-25T00:00:00,7604,102,65,282,626,649,116,416,184,625,227,50,316,317,385,1581,741,138,6,663,69,46
2021-08-26T00:00:00,6880,87,53,283,579,661,124,438,158,573,261,9,292,208,278,1388,606,106,1,679,60,36
2021-08-27T00:00:00,6950,122,61,405,565,605,99,378,174,531,163,22,253,259,315,1553,607,108,1,607,76,46
2021-08-28T00:00:00,5458,78,63,206,394,561,80,361,107,428,126,2,241,143,189,1342,469,94,3,505,20,46
2021-08-29T00:00:00,2866,11,6,87,148,204,21,189,63,130,44,1,77,57,159,1141,245,7,0,256,8,12
2021-08-30T00:00:00,6818,124,107,290,544,551,127,308,144,638,170,25,194,405,284,1414,494,128,7,741,96,27
2021-08-31T00:00:00,6988,102,67,347,525,650,139,412,136,771,166,12,269,186,316,1313,672,136,3,669,63,34
2021-09-01T00:00:00,6434,93,37,263,453,575,156,366,166,620,160,25,263,208,239,1405,535,111,3,625,75,56
2021-09-02T00:00:00,6047,71,56,279,442,503,123,344,146,607,166,12,323,192,193,1226,557,106,3,611,75,12
2021-09-03T00:00:00,6152,98,41,251,521,557,160,351,138,626,176,31,289,230,217,1082,523,110,2,607,105,37
2021-09-04T00:00:00,4531,64,27,145,379,445,90,265,89,393,140,0,172,134,109,1021,424,72,3,489,44,26
2021-09-05T00:00:00,2296,7,14,127,130,247,10,130,54,93,27,0,112,53,52,713,241,4,1,243,22,16
2021-09-06T00:00:00,5707,159,97,253,438,461,179,226,165,665,167,19,190,245,177,891,391,117,9,719,96,43
2021-09-07T00:00:00,5881,125,37,243,388,552,174,333,138,723,208,4,253,170,139,1057,465,107,4,635,78,48
2021-09-08T00:00:00,5293,106,32,300,419,532,134,218,140,558,184,13,279,168,162,868,470,78,0,507,92,33
2021-09-09T00:00:00,4919,81,32,271,375,528,139,257,116,592,100,0,249,156,106,797,402,77,2,561,55,23
2021-09-10T00:00:00,5025,82,43,222,427,472,122,256,104,559,138,21,245,187,131,832,403,100,3,566,72,40
2021-09-11T00:00:00,3886,47,44,135,274,387,49,354,91,423,76,0,225,111,63,688,351,66,1,420,60,21
2021-09-12T00:00:00,1803,12,3,82,102,176,11,213,43,106,18,1,84,48,51,444,150,4,2,229,10,14
2021-09-13T00:00:00,4859,121,65,244,406,389,118,255,123,585,153,9,181,251,105,698,364,100,5,538,91,58
2021-09-14T00:00:00,5092,83,75,212,434,431,139,336,121,661,145,7,278,206,99,707,441,94,3,518,64,38
2021-09-15T00:00:00,4748,102,44,201,496,426,97,278,88,543,110,8,275,157,82,730,452,75,2,501,55,26
2021-09-16T00:00:00,4248,65,25,175,380,379,91,215,73,499,109,2,286,173,74,643,394,77,2,499,61,26
2021-09-17T00:00:00,4429,75,29,230,378,344,102,267,98,530,129,22,251,181,65,657,381,82,2,463,91,52
2021-09-18T00:00:00,3438,34,32,109,359,338,73,374,68,367,79,1,188,107,41,521,301,50,6,343,33,14
2021-09-19T00:00:00,1659,6,5,41,114,156,8,279,15,87,33,0,102,42,23,380,156,2,0,187,13,10
2021-09-20T00:00:00,4211,95,43,235,357,334,103,270,91,484,107,6,214,230,70,562,295,56,7,548,71,33
2021-09-21T00:00:00,4044,49,36,215,356,330,108,315,75,527,83,4,277,123,41,553,330,83,0,443,57,39
2021-09-22T00:00:00,3754,43,33,124,433,313,82,275,86,457,87,10,225,145,46,509,335,63,5,402,50,31
2021-09-23T00:00:00,3456,62,34,113,322,368,65,243,73,416,78,4,217,148,49,468,295,63,2,359,57,20
2021-09-24T00:00:00,3544,92,30,131,310,342,80,251,68,449,75,8,250,173,50,458,281,43,3,367,64,19
2021-09-25T00:00:00,2796,21,12,107,273,265,28,239,71,323,55,0,154,95,34,504,233,41,7,287,33,14
2021-09-26T00:00:00,1255,4,1,37,93,137,2,124,20,66,10,0,97,34,9,328,114,7,1,159,7,5
2021-09-27T00:00:00,3506,63,49,145,342,358,84,209,83,427,79,2,192,186,66,378,233,49,10,440,86,25
2021-09-28T00:00:00,3622,73,96,156,351,365,93,264,92,445,86,3,211,133,54,399,266,54,5,371,63,42
2021-09-29T00:00:00,3406,53,38,126,309,323,113,274,83,351,77,4,186,140,55,463,327,40,1,353,69,21
2021-09-30T00:00:00,3278,45,44,110,276,260,76,290,80,423,73,4,180,139,55,423,280,26,10,385,61,38
2021-10-01T00:00:00,3082,46,21,124,318,339,68,250,67,345,53,5,172,113,36,385,230,45,5,348,78,34
2021-10-02T00:00:00,2657,25,54,71,281,236,38,320,65,280,71,3,180,88,32,301,227,33,10,281,29,32
2021-10-03T00:00:00,1039,12,7,27,77,134,6,103,23,73,15,0,43,47,12,201,101,3,0,147,5,3
2021-10-04T00:00:00,3051,49,56,147,263,244,86,257,55,339,83,15,135,166,56,327,221,45,7,381,96,23
2021-10-05T00:00:00,3094,58,27,124,318,279,70,261,103,400,67,1,196,92,49,300,283,33,11,332,56,34
2021-10-06T00:00:00,2825,47,19,98,319,299,73,159,50,314,75,9,193,103,42,292,273,38,3,328,58,33
2021-10-07T00:00:00,2705,34,26,95,301,224,75,261,77,278,57,1,170,95,34,344,197,38,6,310,57,25
2021-10-08T00:00:00,2630,36,25,117,235,216,59,215,76,295,70,6,172,142,11,338,208,31,7,296,52,23
2021-10-09T00:00:00,2082,19,16,117,217,154,34,195,51,262,58,0,132,63,16,244,200,12,0,231,30,31
2021-10-10T00:00:00,1177,18,6,32,87,137,3,251,15,63,23,0,85,25,14,175,100,0,1,126,6,10
2021-10-11T00:00:00,2966,63,26,190,289,259,79,181,86,334,58,6,164,153,60,306,202,29,5,391,62,23
2021-10-12T00:00:00,2728,38,16,103,330,191,92,198,60,399,77,7,208,84,30,272,198,25,9,312,52,27
2021-10-13T00:00:00,2618,42,10,108,256,226,111,179,71,294,68,3,199,95,45,262,248,26,4,301,49,21
2021-10-14T00:00:00,2687,44,16,74,302,248,96,223,66,311,52,2,199,108,26,211,236,26,2,335,70,40
2021-10-15T00:00:00,2855,38,14,69,338,221,82,274,69,364,25,1,234,123,15,297,225,54,4,320,65,23
2021-10-16T00:00:00,2264,23,15,64,282,200,55,275,67,283,20,0,130,59,9,272,184,33,6,243,30,14
2021-10-17T00:00:00,1137,11,5,59,122,127,14,96,21,73,14,0,66,46,5,238,103,0,1,108,9,19
2021-10-18T00:00:00,3588,63,20,119,363,305,126,250,76,468,101,6,243,191,18,328,218,109,1,461,92,30
2021-10-19T00:00:00,3721,61,12,123,381,311,116,285,99,498,112,21,276,161,18,380,261,73,0,405,81,47
2021-10-20T00:00:00,3725,86,13,162,400,315,121,214,78,422,92,7,262,198,27,452,287,79,0,389,79,42
2021-10-21T00:00:00,3811,114,14,140,395,359,152,226,79,443,91,10,274,208,24,416,273,77,0,405,79,32
2021-10-22T00:00:00,4316,107,11,120,506,372,195,315,87,472,126,6,262,213,30,469,281,79,0,531,89,45
2021-10-23T00:00:00,3501,48,17,148,454,316,99,298,74,351,73,1,209,203,28,434,280,58,0,335,48,27
2021-10-24T00:00:00,1525,11,4,46,185,208,31,120,32,98,32,0,52,45,12,224,138,5,0,224,33,25
2021-10-25T00:00:00,4838,119,31,154,512,417,294,363,94,552,114,24,274,379,29,288,290,107,0,586,156,55
2021-10-26T00:00:00,5019,111,20,161,603,400,246,607,88,590,109,7,269,209,54,403,348,80,0,532,126,56
2021-10-27T00:00:00,5048,121,36,201,654,417,235,451,118,494,101,14,261,255,42,469,383,83,1,544,111,57
2021-10-28T00:00:00,5001,97,21,172,653,393,264,521,148,557,127,0,233,198,51,505,299,57,0,541,145,19
2021-10-29T00:00:00,5021,134,16,158,611,415,286,557,121,580,118,6,306,247,61,218,342,98,0,518,162,67
2021-10-30T00:00:00,4490,79,17,132,561,426,154,518,113,486,100,1,263,182,57,442,302,54,0,441,102,60
2021-10-31T00:00:00,2139,13,2,44,279,246,44,202,37,156,42,0,107,54,19,333,176,13,0,318,37,17
2021-11-01T00:00:00,2812,32,13,63,369,185,180,191,122,200,56,0,150,115,10,426,241,20,0,324,87,28
2021-11-02T00:00:00,6445,144,38,227,726,469,387,691,149,788,143,10,313,304,73,423,338,99,0,783,256,84
2021-11-03T00:00:00,6574,154,32,202,659,621,389,599,135,835,229,12,287,265,63,453,450,113,0,772,237,67
2021-11-04T00:00:00,7015,137,16,174,800,559,464,771,189,836,196,1,352,247,74,514,426,94,0,866,218,81
2021-11-05T00:00:00,7184,155,33,228,708,613,496,750,196,871,153,37,380,310,105,415,390,116,1,864,294,69
2021-11-06T00:00:00,5651,116,20,159,726,504,318,573,126,729,180,0,314,177,24,422,332,78,0,656,162,35
2021-11-07T00:00:00,2601,33,0,62,283,301,52,293,79,152,50,0,131,59,24,433,182,2,0,331,88,46
2021-11-08T00:00:00,8014,188,31,184,699,710,510,781,222,977,228,38,373,331,72,462,404,134,1,1149,458,62
2021-11-09T00:00:00,8568,159,35,154,956,688,613,956,239,1125,274,9,388,269,110,575,500,82,0,1051,334,51
2021-11-10T00:00:00,8275,162,22,217,896,637,634,891,282,1043,207,34,425,264,76,608,448,86,3,928,343,69
2021-11-11T00:00:00,7873,154,17,156,828,664,511,881,230,1071,247,10,410,230,90,468,370,73,3,1058,336,66
2021-11-12T00:00:00,8838,246,61,184,869,779,523,855,243,1324,239,43,488,260,111,520,493,110,3,1114,274,99
2021-11-13T00:00:00,7447,135,28,111,821,683,357,920,202,1035,283,2,444,177,56,475,329,67,0,964,312,46
2021-11-14T00:00:00,3462,41,0,70,369,390,56,503,113,305,58,0,171,63,33,324,220,5,7,587,113,34
2021-11-15T00:00:00,10026,208,40,199,853,919,625,704,278,1698,296,23,465,314,149,530,398,106,17,1644,446,114
2021-11-16T00:00:00,11068,297,33,237,1084,999,647,1139,294,1860,348,42,613,277,126,591,379,76,27,1531,361,107
2021-11-17T00:00:00,10536,216,22,160,891,1057,641,1094,323,1733,319,30,624,248,102,461,485,76,20,1523,416,95
2021-11-18T00:00:00,10920,186,23,155,881,1123,612,1210,342,1778,318,16,532,245,139,717,374,91,27,1639,390,122
2021-11-19T00:00:00,11347,246,43,208,941,1085,679,953,379,1909,319,46,601,226,116,676,525,119,17,1765,343,151
2021-11-20T00:00:00,9529,115,11,151,900,992,428,1159,257,1431,319,1,543,166,87,617,394,92,12,1463,304,87
2021-11-21T00:00:00,4342,39,2,110,377,532,63,630,145,396,86,0,264,47,21,444,221,3,16,767,106,73
2021-11-22T00:00:00,12820,249,46,217,866,1448,766,969,460,2203,426,53,598,386,165,550,484,108,17,2237,448,124
2021-11-23T00:00:00,13510,291,39,247,1169,1465,736,1245,384,2248,450,41,682,240,184,699,489,101,23,2182,446,149
2021-11-24T00:00:00,13146,226,33,227,1027,1181,728,1113,536,2163,491,33,756,271,112,741,572,92,5,2233,445,161
2021-11-25T00:00:00,13258,263,52,254,1065,1370,759,1198,324,2167,461,21,802,290,135,743,473,120,8,2139,469,145
2021-11-26T00:00:00,13707,212,44,330,1069,1300,698,1147,502,2408,368,37,851,337,153,727,638,79,3,2194,430,180
2021-11-27T00:00:00,11857,159,32,158,1116,1314,368,1087,262,1856,462,1,779,226,99,710,522,82,4,2200,304,116
2021-11-28T00:00:00,5520,42,3,128,474,716,78,661,207,596,99,1,285,113,51,541,229,7,3,1104,116,66
2021-11-29T00:00:00,15998,242,41,323,1078,1540,837,1367,528,2734,478,32,920,436,133,622,582,91,5,3213,579,217
2021-11-30T00:00:00,16147,353,54,383,1317,1593,802,1651,487,2520,443,14,1008,284,145,675,612,121,17,2988,504,176
2021-12-01T00:00:00,16007,246,27,245,1175,1634,732,1557,609,2716,485,10,1080,312,177,740,756,110,23,2684,498,191
2021-12-02T00:00:00,16819,280,48,350,1287,1626,879,1697,507,2753,418,21,1192,352,209,740,672,160,29,2910,500,189
2021-12-03T00:00:00,17328,256,68,376,1304,1702,801,1687,621,3217,430,19,1167,389,143,796,642,155,25,2897,429,204
2021-12-04T00:00:00,14375,199,39,254,1285,1527,409,1591,422,2312,464,0,1098,245,122,760,647,158,28,2361,280,174
2021-12-05T00:00:00,6837,18,2,157,617,722,92,927,187,628,129,0,580,100,65,594,365,5,20,1417,131,81
2021-12-06T00:00:00,19697,349,91,358,1331,1978,912,1622,690,3483,505,22,1249,496,178,884,766,210,41,3717,571,244
2021-12-07T00:00:00,20206,372,89,569,1364,1973,933,1869,648,3353,497,11,1414,440,249,931,924,189,23,3576,501,281
2021-12-08T00:00:00,10011,98,23,148,957,1068,128,1111,295,1228,303,0,863,194,64,905,601,15,19,1671,214,106
2021-12-09T00:00:00,21335,301,79,424,1445,2154,826,1698,610,3814,536,26,1804,542,205,962,805,260,26,4077,547,194
2021-12-10T00:00:00,22677,360,109,625,1463,2176,884,2011,881,4067,589,12,1735,463,246,1038,927,224,29,4088,477,273
2021-12-11T00:00:00,19203,282,87,289,1489,2064,511,1964,645,3122,438,3,1445,446,189,1160,876,203,55,3432,303,200
2021-12-12T00:00:00,9098,27,46,206,613,1003,92,1141,258,971,197,0,781,198,81,901,410,5,24,1880,152,112
2021-12-13T00:00:00,25611,339,139,546,1761,2502,866,1849,899,4761,730,28,1877,828,272,1230,1052,320,74,4627,595,316
2021-12-14T00:00:00,26288,504,133,479,1731,2341,930,2716,868,5036,772,21,1966,597,316,1426,1138,252,38,4370,371,283
2021-12-15T00:00:00,26550,449,121,493,1948,2569,844,2199,954,5228,743,24,2233,690,258,1412,1227,277,64,4135,432,250
2021-12-16T00:00:00,26987,422,128,403,1899,2594,734,2479,941,5559,630,18,2389,676,245,1383,1363,361,24,4108,355,276
2021-12-17T00:00:00,29612,382,132,716,2130,2792,851,2594,1007,6487,747,24,2578,835,295,1415,1547,391,60,4059,295,275
2021-12-18T00:00:00,24091,312,96,467,2035,2150,405,2156,795,5022,590,1,2007,637,240,1464,1354,412,43,3550,157,198
2021-12-19T00:00:00,12371,41,3,189,1078,1242,90,1312,344,2168,187,3,1160,277,132,1256,769,16,27,1860,112,105
2021-12-20T00:00:00,38370,576,183,524,2856,3446,960,2319,1187,9842,855,86,3015,1272,302,1849,2172,670,48,5388,475,345
2021-12-21T00:00:00,42253,701,206,746,3047,3596,1004,2878,1215,11797,891,49,3169,1320,357,2047,2830,887,63,4816,276,358
2021-12-22T00:00:00,51405,757,232,715,4440,3814,920,4207,1543,15019,1038,71,3788,1626,515,2405,3387,1039,72,5108,354,355
2021-12-23T00:00:00,58357,831,259,782,5577,4451,953,3561,1410,17212,1052,38,4647,2121,608,3011,4325,1262,70,5410,362,415
2021-12-24T00:00:00,58327,520,268,657,4084,4322,987,4662,1727,17359,824,100,5297,2205,567,2743,4602,1199,39,5435,219,511
2021-12-25T00:00:00,15256,54,19,170,1218,1039,64,1703,189,2567,156,9,1485,683,160,1415,2475,74,17,1566,102,91
2021-12-26T00:00:00,29023,235,81,376,2489,2321,182,2105,732,5367,437,12,2071,1343,221,2814,3715,657,41,3291,224,309
2021-12-27T00:00:00,111977,1551,591,1324,11331,7971,1538,5078,2493,34015,1750,162,8068,6016,1069,5544,9198,3344,96,9419,499,920
2021-12-28T00:00:00,130167,2254,547,1374,13169,11486,2108,7318,2493,37622,1922,238,9537,7322,1062,5734,11332,3267,197,9778,450,957
2021-12-29T00:00:00,160435,4224,785,1882,16208,13779,2378,9863,3175,42432,2005,492,11300,8576,1391,7357,17404,3479,232,11627,602,1244
2021-12-30T00:00:00,167609,4270,725,1847,16981,15912,2690,10499,3225,43573,2000,440,11817,9785,1638,8141,16361,3522,72,12238,597,1276
2021-12-31T00:00:00,140143,3423,871,1832,9376,14496,2652,6933,3013,37591,1554,482,11517,7685,1408,7384,13066,3213,74,11507,629,1437
2022-01-01T00:00:00,35753,700,68,155,4350,3844,225,2605,477,5604,254,38,2626,1641,386,3940,4203,388,51,3580,276,342
2022-01-02T00:00:00,64623,1563,397,213,7188,6848,886,2149,1597,12640,812,269,4329,3711,599,6087,5293,1340,129,7374,365,834
2022-01-03T00:00:00,216321,5820,1077,2364,18651,21693,3931,6558,4634,57493,2504,722,17952,16136,1856,9181,18446,4493,458,18778,1235,2339
2022-01-04T00:00:00,206107,4547,1107,2458,16714,22776,4205,6293,4626,54409,2696,519,17171,14072,1957,9203,16359,3802,446,19287,1148,2312
2022-01-05T00:00:00,206916,4778,1158,2430,17052,22562,4694,5352,3387,53145,2643,435,17405,14380,2439,11477,16232,3435,536,19353,1441,2582
2022-01-06T00:00:00,69765,1277,412,1070,6812,8661,1069,1996,1991,13501,945,83,4745,4028,738,6783,5584,708,255,7575,635,897
2022-01-07T00:00:00,229746,5539,1138,2514,18204,26185,4759,5971,5898,53585,2589,678,19011,17850,2072,14230,17331,4117,609,22407,2003,3056
2022-01-08T00:00:00,152309,4727,752,1497,11232,17652,2803,4161,4099,34057,1987,600,12703,10734,1465,9907,11883,2793,507,15650,1196,1904
2022-01-09T00:00:00,70435,2253,348,709,10468,7369,1395,1944,1820,12135,730,239,4420,4558,867,5094,5492,760,160,7623,882,1169
2022-01-10T00:00:00,249758,5145,897,1973,30447,24426,5104,16602,7321,49817,2816,818,18765,17077,2311,14522,17152,3477,646,24330,3043,3069
2022-01-11T00:00:00,203195,3832,1033,2119,23720,19918,4102,13629,5750,41902,2626,529,16553,11993,1975,11603,14460,2483,565,20206,1907,2290
2022-01-12T00:00:00,186789,3653,945,1619,21285,18789,3930,12683,5218,36055,2319,548,15621,10835,1910,11029,14160,2279,539,18668,2361,2343
2022-01-13T00:00:00,173780,3629,862,1456,18917,17507,3335,11767,5031,31878,5180,464,14379,10199,1754,9239,12991,2147,494,18040,2241,2270
2022-01-14T00:00:00,178805,3642,793,1207,19381,17707,3610,13529,5457,32336,5216,481,15060,10470,1750,9159,13353,2026,427,18452,2315,2434
2022-01-15T00:00:00,143145,3486,471,1320,15821,14316,2169,11789,4392,24606,4731,373,11362,7867,1163,7074,10976,1967,387,15615,1516,1744
2022-01-16T00:00:00,63352,1315,113,822,7141,7277,1196,5921,1913,9199,2063,175,4733,3127,518,2998,5498,637,93,6498,1131,984
2022-01-17T00:00:00,235455,5305,1575,1342,22366,23343,4291,18483,8338,41649,7341,691,19179,13948,1937,10513,16933,2738,538,27598,4084,3263
2022-01-18T00:00:00,190750,3768,1113,1844,16387,20119,3300,14601,6143,36482,5454,377,16024,9606,1680,8201,15296,2453,485,22290,2478,2649
2022-01-19T00:00:00,186002,3974,1005,992,15928,20973,3345,15534,6464,32953,5790,422,15070,9046,1715,8274,14916,2276,387,21701,2590,2647
2022-01-20T00:00:00,170367,3659,1106,1037,13022,18973,2677,14439,5804,29736,5295,352,14514,8400,1836,7776,13882,2261,355,20289,2601,2353
2022-01-21T00:00:00,169779,3725,1201,1364,13592,18753,2649,14989,5713,28845,5323,428,14556,8519,1738,7786,13407,2155,289,19821,2439,2487
2022-01-22T00:00:00,132936,3426,964,622,11384,15106,1540,12517,4298,21771,4920,349,10795,6544,1267,5567,10974,2083,83,15592,1519,1615
2022-01-23T00:00:00,59818,1402,348,469,5526,7649,878,6532,1964,7595,2145,129,4275,2794,482,3403,4921,642,23,6438,1101,1102
2022-01-24T00:00:00,203221,5026,1601,794,17176,21505,2449,18103,7292,31680,7485,583,16039,11765,2251,9780,15623,2506,84,25149,3575,2755
2022-01-25T00:00:00,153853,3393,1135,811,12168,16822,1709,12119,5498,26850,5249,427,12498,8027,1858,7666,12851,2231,16,18294,2128,2103
2022-01-26T00:00:00,147310,3452,1095,882,11805,16250,1674,13876,5076,23263,5115,390,11812,7631,1727,7283,12250,1980,13,17699,2124,1913
2022-01-27T00:00:00,130850,3088,1205,1252,11129,14014,1554,12863,4382,19351,4131,407,10232,7275,1400,7094,10338,2071,3,15440,2036,1585
2022-01-28T00:00:00,128518,3069,1356,789,10849,13102,1969,12434,4434,18314,4587,403,10055,7450,1633,7518,10479,1793,8,14834,1792,1650
2022-01-29T00:00:00,100734,2920,1083,672,9649,10289,1393,11065,2961,14128,3925,313,7290,5606,991,5696,7993,1757,10,10866,1012,1115
2022-01-30T00:00:00,45226,1070,338,470,4689,4900,713,5356,1370,4753,1643,169,2876,2627,353,3202,4057,509,10,4692,838,591
2022-01-31T00:00:00,148931,3963,1612,1509,14156,12748,2649,14467,4544,19798,5681,610,10166,10116,1739,10894,10849,2214,4,16980,2500,1732
2022-02-01T00:00:00,112298,2497,993,1717,10245,9941,2921,11595,3395,15657,3945,360,8082,6525,1977,6666,9351,1936,3,11971,1333,1188
2022-02-02T00:00:00,104494,2632,1008,1342,9917,9255,2534,11432,3010,12782,3702,394,7279,6643,1806,7063,8128,1755,4,11360,1317,1131
2022-02-03T00:00:00,91710,2312,959,1201,8878,7830,2101,9655,2396,11112,3352,403,6168,6270,1868,6686,6883,1514,1,9698,1464,959
2022-02-04T00:00:00,89091,2213,1124,1382,8545,7313,2243,9282,2445,10574,2045,386,5875,5895,3922,6703,6545,1385,3,9176,1155,880
2022-02-05T00:00:00,71493,1995,814,1227,7158,6130,1245,8273,1771,8154,2096,323,4345,4670,2887,4870,5492,1527,2,7089,763,662
2022-02-06T00:00:00,32853,949,310,685,3855,2729,604,4478,843,2998,760,120,1888,1990,924,2872,2582,496,1,2857,555,357
2022-02-07T00:00:00,108795,2985,1349,1871,11109,8183,2441,11339,2992,12250,2678,636,6493,8345,3934,9525,6949,1758,0,11331,1546,1081
2022-02-08T00:00:00,77302,2050,833,1052,7706,5932,1642,8158,1893,9128,2587,403,4479,5467,2978,7106,5575,1576,1,7158,868,710
2022-02-09T00:00:00,71947,1734,680,785,7352,5326,1590,7947,1823,7859,2469,403,4305,5291,2511,7144,5024,1279,5,6895,882,643
2022-02-10T00:00:00,62483,1706,678,970,6361,4500,1252,6780,1583,6730,2155,352,3606,4799,2102,6312,4171,1084,4,5859,909,570
2022-02-11T00:00:00,59805,1598,689,728,6145,4191,1371,6270,1571,6415,1975,346,3311,4610,1971,6632,3919,970,1,5855,705,532
2022-02-12T00:00:00,48880,1461,589,535,5615,3375,848,5636,1117,5046,1734,294,2676,3629,1586,4983,3381,951,3,4467,505,449
2022-02-13T00:00:00,23378,625,216,312,2747,1661,332,3157,518,1992,870,136,1167,1771,681,2674,1514,344,1,2059,376,225
2022-02-14T00:00:00,76148,2127,987,2076,7852,4332,1595,7841,1751,7896,2561,560,3901,6530,2747,8676,4501,1095,1,7352,1137,630
2022-02-15T00:00:00,55390,1545,680,1535,5759,3333,1095,6028,1304,5736,1767,336,2840,4324,1849,6288,3847,1083,3,5012,632,394
2022-02-16T00:00:00,56271,1602,642,1557,5988,3512,1117,6197,1284,5776,1897,310,2817,4292,1746,6123,3791,1005,3,5457,708,447
2022-02-17T00:00:00,51075,1481,623,1498,5213,3036,925,5551,1142,5235,1614,297,2543,4157,1750,5742,3389,967,2,4782,707,421
2022-02-18T00:00:00,49431,1451,662,1621,4997,2949,903,5146,1189,5202,1520,239,2410,4159,1549,5681,3165,877,1,4745,538,427
2022-02-19T00:00:00,41165,1266,519,1204,4547,2318,636,4808,947,4298,1453,240,1966,3309,1312,4497,2731,859,1,3543,379,332
2022-02-20T00:00:00,19970,500,252,650,2181,1167,247,2609,541,1798,485,78,828,1567,513,2672,1333,352,2,1769,285,141
2022-02-21T00:00:00,64465,1991,864,1265,6094,3452,1153,6726,1596,7138,1602,455,3213,5870,2160,8082,3920,1075,4,6391,879,535
2022-02-22T00:00:00,45157,1329,565,706,4220,2728,763,5012,1120,5374,1412,147,2112,3719,1395,5256,3312,912,1,4186,503,385
2022-02-23T00:00:00,46187,1310,500,1549,4258,2758,785,5049,1125,5207,1607,273,2203,3575,1446,5571,3069,870,3,4145,500,384
2022-02-24T00:00:00,40267,1191,499,1483,3523,2299,633,4417,917,4360,1317,275,1809,3333,1183,5020,2713,872,1,3721,429,272
2022-02-25T00:00:00,38175,1080,497,1407,3444,2131,611,4070,917,4277,1121,280,1780,3220,1147,4730,2409,796,1,3505,477,275
2022-02-26T00:00:00,30741,747,403,1219,2696,1853,339,3537,707,3374,1108,217,1320,2544,878,3842,2189,677,0,2627,248,216
2022-02-27T00:00:00,14915,409,193,647,1335,879,178,1999,363,1428,536,97,605,1032,282,2146,1033,312,0,1172,157,112
2022-02-28T00:00:00,52109,1528,753,2478,4451,2709,765,5111,1267,5838,1693,396,2254,4605,1666,7005,3105,1007,0,4611,495,372
2022-03-01T00:00:00,35894,1007,407,1494,3558,2197,558,1796,937,4472,942,202,1723,3238,1220,4614,2723,967,0,3260,338,241
2022-03-02T00:00:00,42255,1178,516,1740,3579,2263,610,4613,977,4391,1104,326,1775,3703,1392,5540,3031,975,1,3764,443,334
2022-03-03T00:00:00,39585,1022,509,1880,3734,2127,533,3553,861,4101,1371,303,1687,3721,1364,4458,2867,1119,0,3676,399,300
2022-03-04T00:00:00,41921,1001,604,1887,3827,2244,657,3701,987,4258,1366,301,1723,3762,1463,5631,2902,1103,0,3844,415,245
2022-03-05T00:00:00,37069,954,408,1494,3420,1897,442,4202,788,3596,1500,259,1497,3048,1278,4806,2640,1147,0,3153,311,229
2022-03-06T00:00:00,19400,410,218,825,1912,897,205,2886,478,1659,721,73,625,1468,471,2984,1351,505,0,1363,232,117
2022-03-07T00:00:00,66514,1700,824,3066,5875,3108,886,7404,1506,6703,2079,430,2537,6193,2393,9054,4224,1739,2,5427,960,404
2022-03-08T00:00:00,49859,1180,619,2124,4284,2473,764,6341,1116,5465,1608,209,1813,3974,1764,6098,3668,1668,0,3921,483,287
2022-03-09T00:00:00,55533,1300,633,2098,5059,2739,729,6989,1232,5811,1665,296,1938,4658,2024,6895,4271,1808,2,4551,503,332
2022-03-10T00:00:00,54866,1326,717,2377,5000,2652,646,6783,1170,5722,1463,274,1903,4776,1879,6821,4175,1899,4,4432,556,291
2022-03-11T00:00:00,56686,1357,662,2409,5153,2770,813,6910,1196,5728,1480,316,1945,5180,2016,7078,4478,1819,0,4609,453,314
2022-03-12T00:00:00,50077,1499,534,2276,5119,2382,537,6253,1003,4813,1908,261,1642,4440,1732,5638,3864,1863,0,3762,299,252
2022-03-13T00:00:00,25967,663,277,843,2851,1251,249,3745,508,2374,867,122,785,2228,725,3652,1811,776,0,1854,273,113
2022-03-14T00:00:00,96381,2327,1240,3965,9421,4284,1307,11639,1969,9821,3139,477,3385,9362,3819,11125,7032,2895,1,7733,958,482
2022-03-15T00:00:00,74529,1821,825,2835,7570,3442,997,8691,1520,7944,2318,339,2622,6999,2595,8960,5781,2518,1,5813,549,389
2022-03-16T00:00:00,82524,2174,1083,2995,8343,4285,1168,9832,1661,8647,2684,416,2775,8269,2609,9438,6088,2595,0,6516,554,392
2022-03-17T00:00:00,77979,2028,979,2835,8460,3810,1079,8548,1491,8579,2585,406,2586,8077,2391,8281,5916,2458,0,6477,599,394
2022-03-18T00:00:00,74106,1984,1049,2856,7940,3815,1136,8706,1459,7831,2404,398,2640,7972,2054,7082,5900,2139,0,6294,25,422
2022-03-19T00:00:00,60803,1920,882,2362,6991,2958,725,7933,1092,6290,2279,297,2110,6434,1684,5524,4648,1937,0,4465,0,272
2022-03-20T00:00:00,28705,776,372,1096,3380,1613,255,4131,564,2585,1027,95,949,2834,623,3571,1935,764,1,2016,4,114
2022-03-21T00:00:00,103550,3000,1447,3558,11061,4988,1572,11681,2046,11724,3378,564,3612,11668,3335,9120,7421,2696,1,9139,1035,504
2022-03-22T00:00:00,76879,2169,1023,2815,8051,4170,1213,8786,1468,8997,2379,387,2685,7793,2141,7250,5832,2185,0,6503,581,451
2022-03-23T00:00:00,81608,2360,1070,3064,8848,4493,1221,9326,1471,9221,2551,451,2837,8281,2179,7670,5971,2043,0,7429,649,473
2022-03-24T00:00:00,74513,2250,993,2652,8401,4211,1038,7944,1474,8615,2284,355,2595,7911,1911,6587,5318,1888,0,7022,635,429
2022-03-25T00:00:00,74192,2191,991,2665,8277,4212,1174,8235,1385,8529,2198,390,2695,7897,2024,6455,5287,1796,3,6812,505,471
2022-03-26T00:00:00,60198,2040,874,2208,7335,3353,759,7279,1121,6805,1917,300,2048,5814,1548,5171,4246,1640,0,5082,354,304
2022-03-27T00:00:00,27077,789,362,871,3711,1801,303,4336,535,2713,519,118,930,2581,560,1997,1820,656,1,2050,254,170
2022-03-28T00:00:00,107307,3214,1363,4247,11960,5779,1585,12854,2209,12648,3140,618,4180,11091,3131,8058,7270,2370,2,10052,908,628
2022-03-29T00:00:00,77754,2247,967,2636,8506,4731,1231,9548,1500,9582,2325,397,2871,7622,1994,6004,5529,1892,0,7191,515,466
2022-03-30T00:00:00,75969,2320,899,2101,8388,4753,1258,9365,1383,9114,2124,375,3019,7180,1866,5808,5578,1755,2,7711,530,440
2022-03-31T00:00:00,72778,2284,920,2632,7850,4719,1074,8706,1460,8706,2175,407,2908,6784,1916,5743,4781,1590,2,7223,518,380
2022-04-01T00:00:00,70253,2075,950,2590,7515,4651,1101,8698,1426,8756,2027,464,2780,6730,1766,4608,5109,1452,0,6720,432,403
2022-04-02T00:00:00,54756,1777,745,1913,6300,3512,720,7334,961,6629,1745,298,2287,4825,1249,3849,3823,1260,1,4932,301,295
2022-04-03T00:00:00,25256,698,361,912,3277,1867,263,3857,536,2460,785,70,974,2053,475,2143,1643,530,2,1998,189,163
2022-04-04T00:00:00,94893,2993,1152,3406,10255,6078,1589,10597,1910,11830,2701,627,4188,8873,2713,6880,6422,1847,1,9538,753,540
2022-04-05T00:00:00,68227,1906,765,2025,7335,4699,1114,8154,1442,9038,1920,380,3008,5686,1842,4874,4891,1560,0,6691,433,464
2022-04-06T00:00:00,70460,2063,807,2289,7392,5119,1238,8228,1442,9213,2016,417,3235,5736,1876,4593,5007,1354,0,7521,422,492
2022-04-07T00:00:00,64343,2077,749,1912,7072,4717,1069,7544,1344,8665,1950,337,3017,5344,1719,3393,4394,1263,0,6829,479,469
2022-04-08T00:00:00,63021,1983,751,2028,6645,4663,1142,7434,1421,8449,1754,226,3034,5431,1842,2885,4387,1196,0,6907,405,438
2022-04-09T00:00:00,52504,1799,621,1613,6008,3781,756,6828,1139,6629,1682,372,2406,4264,1512,2678,3692,1122,0,5043,204,355
2022-04-10T00:00:00,22788,724,233,618,,1859,249,3599,585,2593,682,90,1007,1629,501,1416,1515,503,0,2004,137,143
2022-04-11T00:00:00,76095,2712,939,1968,,6004,1477,9928,2131,11900,2473,546,4464,7171,2771,3861,5849,1475,0,9199,703,524
2022-04-12T00:00:00,52031,1733,646,1058,,4677,1018,6983,1421,8564,1034,371,3183,4461,1686,2442,4283,1266,0,6409,368,428
2022-04-13T00:00:00,52335,2019,619,1251,,4959,1144,7425,1549,8702,1724,353,,4880,1687,2048,4005,1142,,6726,421,462
2022-04-14T00:00:00,46995,1953,646,1211,,4639,870,6917,1412,8250,1769,373,,4818,1583,2147,2444,1115,,6042,387,419
2022-04-15T00:00:00,44783,1907,709,1256,,4416,699,6824,1369,7919,1681,385,,5082,804,1540,2177,1141,,6081,375,418
2022-04-16T00:00:00,35454,1946,550,1123,,3430,385,5998,1086,6121,1496,302,,3850,371,1299,1446,895,,4601,,309
2022-04-17T00:00:00,9514,559,148,113,,,,1648,411,1536,497,111,,1339,24,482,350,346,,1394,,
2022-04-18T00:00:00,12121,821,,,,,,,,2207,,,,2058,,645,,,,1810,,
