data,ricoveri,abruzzo,basilicata,calabria,campania,emilia_romagna,friuli_venezia_giulia,lazio,liguria,lombardia,marche,molise,piemonte,puglia,sardegna,sicilia,toscana,umbria,valle_daosta,veneto,pa_bolzano,pa_trento
2020-02-20T00:00:00,92,,,,,5,,1,1,67,4,,2,3,1,,,,,7,1,
2020-02-21T00:00:00,122,,,,,9,1,2,2,95,1,,1,2,0,1,,,,8,0,
2020-02-22T00:00:00,106,1,,,1,3,0,0,2,94,1,,0,0,0,0,,,,4,0,
2020-02-23T00:00:00,152,2,,,1,8,1,1,2,115,1,,6,2,0,0,,,,12,1,
2020-02-24T00:00:00,191,2,,,0,17,1,5,5,130,4,,2,1,1,1,2,,,16,4,
2020-02-25T00:00:00,269,2,,,2,24,3,5,6,206,4,,0,4,1,1,2,,,9,0,
2020-02-26T00:00:00,276,4,,,0,38,0,5,9,201,3,,4,2,1,1,0,,1,7,0,
2020-02-27T00:00:00,319,0,,,1,39,1,4,8,226,9,,5,3,1,0,1,,1,17,3,
2020-02-28T00:00:00,378,7,,,0,41,0,10,7,278,14,,3,2,2,0,2,,0,12,0,
2020-02-29T00:00:00,373,6,,,1,56,0,7,11,261,8,,5,3,0,0,2,,0,12,1,
2020-03-01T00:00:00,444,4,,2,6,54,3,4,11,312,7,,5,5,2,2,0,,0,22,3,2
2020-03-02T00:00:00,665,3,,1,0,76,7,12,15,477,23,,9,5,3,3,5,1,0,25,0,0
2020-03-03T00:00:00,818,2,,0,8,107,7,12,20,551,17,1,26,6,2,3,10,1,1,41,2,1
2020-03-04T00:00:00,913,6,,1,9,109,7,16,19,644,21,1,25,5,4,3,9,1,3,24,5,1
2020-03-05T00:00:00,1092,3,,0,2,136,7,22,29,769,14,4,31,10,2,2,7,2,0,43,7,2
2020-03-06T00:00:00,1234,4,2,2,10,153,10,23,32,846,24,0,40,9,3,4,14,0,2,48,6,2
2020-03-07T00:00:00,1205,12,0,2,8,151,10,32,32,766,39,1,49,7,4,6,19,2,3,56,3,3
2020-03-08T00:00:00,1160,10,0,4,5,139,10,14,34,750,41,0,43,8,4,6,29,4,1,49,7,2
2020-03-09T00:00:00,1455,18,0,2,6,179,10,26,37,936,54,1,48,11,3,7,17,5,2,68,19,6
2020-03-10T00:00:00,1596,13,0,3,14,212,10,33,58,1004,56,0,51,17,2,6,23,4,2,70,8,10
2020-03-11T00:00:00,1755,21,1,3,6,205,15,41,53,1087,68,1,70,15,1,10,32,4,6,86,13,17
2020-03-12T00:00:00,1903,15,0,6,21,233,18,38,80,1131,57,1,85,35,4,8,35,7,6,96,14,13
2020-03-13T00:00:00,2329,24,0,8,20,297,24,44,95,1353,67,0,114,34,7,15,64,12,6,108,19,18
2020-03-14T00:00:00,1994,26,0,10,16,270,19,39,75,1155,77,0,40,30,14,26,66,4,11,94,8,14
2020-03-15T00:00:00,1902,28,1,5,29,261,27,33,87,1064,53,0,39,27,3,18,64,13,8,108,18,16
2020-03-16T00:00:00,2490,38,2,7,31,275,16,49,137,1463,76,4,50,33,6,19,78,12,9,147,21,17
2020-03-17T00:00:00,2670,51,3,6,32,337,29,46,138,1473,77,2,67,37,5,31,72,19,17,176,31,21
2020-03-18T00:00:00,2704,36,7,14,34,330,39,59,135,1459,71,11,50,54,10,38,86,21,9,173,19,49
2020-03-19T00:00:00,2779,29,3,23,33,398,47,89,152,1390,97,4,52,41,18,37,97,19,12,170,30,38
2020-03-20T00:00:00,2857,40,6,6,30,396,39,86,204,1377,93,8,65,46,9,42,115,18,12,190,26,49
2020-03-21T00:00:00,2539,35,1,13,31,355,20,107,158,1162,98,2,72,50,8,47,106,9,12,184,20,49
2020-03-22T00:00:00,2191,35,3,6,30,314,19,70,130,1048,62,1,70,47,10,59,82,16,7,127,18,37
2020-03-23T00:00:00,2711,37,6,13,34,318,35,100,146,1311,101,3,96,47,9,61,109,11,9,194,36,35
2020-03-24T00:00:00,2615,40,4,5,31,326,30,108,130,1254,86,0,64,72,8,47,93,24,14,201,23,55
2020-03-25T00:00:00,2325,34,2,6,47,318,23,87,144,1120,66,2,60,42,4,37,100,14,13,150,23,33
2020-03-26T00:00:00,2117,34,2,6,33,265,25,76,103,1044,61,3,57,59,4,53,84,14,10,138,23,23
2020-03-27T00:00:00,2222,36,8,19,42,304,29,78,87,1084,57,2,41,42,11,49,80,18,8,156,22,49
2020-03-28T00:00:00,1739,28,3,6,40,236,20,77,91,816,58,1,22,47,6,21,73,16,8,116,12,42
2020-03-29T00:00:00,1441,16,3,9,15,195,6,63,101,686,52,0,27,41,12,14,56,5,6,89,13,32
2020-03-30T00:00:00,1684,13,6,12,35,209,12,70,102,824,54,3,39,40,6,21,69,6,11,120,14,18
2020-03-31T00:00:00,1578,22,0,15,30,185,19,61,110,770,38,5,46,49,11,21,55,6,6,95,9,25
2020-04-01T00:00:00,1501,24,2,18,33,180,16,51,75,742,34,1,50,39,6,22,61,6,9,97,14,21
2020-04-02T00:00:00,1461,20,3,32,17,182,15,45,83,722,34,2,47,37,7,34,53,8,4,85,13,18
2020-04-03T00:00:00,1254,25,5,2,30,171,7,53,70,620,21,1,32,32,2,20,63,3,6,61,10,20
2020-04-04T00:00:00,1014,15,3,3,14,118,10,42,76,458,18,2,23,23,6,27,65,3,4,72,4,28
2020-04-05T00:00:00,837,17,0,5,15,113,6,32,65,367,23,1,13,34,7,14,37,3,3,61,8,13
2020-04-06T00:00:00,1013,10,1,2,14,133,6,35,69,491,25,2,41,25,4,13,38,3,4,73,14,10
2020-04-07T00:00:00,1015,15,7,6,11,109,13,39,67,425,35,0,72,36,3,17,42,5,11,76,9,17
2020-04-08T00:00:00,1035,17,7,3,17,122,10,31,77,460,21,0,89,24,3,16,37,0,7,70,11,13
2020-04-09T00:00:00,994,18,4,0,11,103,6,25,59,447,14,0,115,14,12,22,42,3,7,73,11,8
2020-04-10T00:00:00,905,18,2,7,5,110,16,35,49,415,17,3,61,17,11,15,48,2,6,49,9,10
2020-04-11T00:00:00,805,19,3,2,8,113,12,45,34,333,26,1,41,28,6,22,41,2,5,46,6,12
2020-04-12T00:00:00,661,13,1,2,9,97,8,36,42,300,13,1,22,12,2,7,30,1,1,47,8,9
2020-04-13T00:00:00,623,9,1,4,9,84,7,31,37,277,17,0,26,14,3,10,35,1,5,41,3,9
2020-04-14T00:00:00,836,9,0,7,13,117,7,39,57,357,15,1,56,21,5,7,39,1,2,67,8,8
2020-04-15T00:00:00,688,10,0,1,4,88,6,22,62,317,20,0,43,18,2,5,29,3,6,40,9,3
2020-04-16T00:00:00,696,9,0,4,4,101,2,22,31,323,15,3,56,20,3,16,26,0,3,42,5,11
2020-04-17T00:00:00,708,14,0,4,5,95,7,30,38,290,9,0,87,24,2,8,23,3,6,49,8,6
2020-04-18T00:00:00,569,14,4,1,6,83,5,30,42,214,9,0,65,14,5,3,20,1,3,39,5,6
2020-04-19T00:00:00,461,10,1,2,4,53,2,25,28,152,2,0,77,21,2,4,28,5,0,37,2,6
2020-04-20T00:00:00,647,20,5,3,10,86,6,25,34,241,15,0,93,20,2,7,29,3,0,40,6,2
2020-04-21T00:00:00,580,14,1,3,9,71,1,23,31,223,6,0,78,24,2,12,33,0,0,40,5,4
2020-04-22T00:00:00,584,13,3,4,11,71,14,27,30,217,2,1,85,16,2,7,27,2,2,42,1,7
2020-04-23T00:00:00,577,17,1,1,6,78,4,29,41,207,5,0,78,17,3,7,26,3,1,45,5,3
2020-04-24T00:00:00,543,17,0,3,3,61,1,22,36,192,3,1,100,12,1,20,20,1,1,38,4,7
2020-04-25T00:00:00,425,3,0,3,3,50,9,21,29,149,8,1,63,12,1,24,17,1,3,21,3,4
2020-04-26T00:00:00,350,4,0,1,0,39,1,26,27,134,3,0,59,6,0,7,15,1,1,22,1,3
2020-04-27T00:00:00,424,2,1,1,3,51,6,14,24,175,7,0,74,10,1,4,15,0,1,29,2,4
2020-04-28T00:00:00,418,6,0,2,6,48,3,13,23,174,1,0,65,18,1,2,11,4,2,32,3,4
2020-04-29T00:00:00,402,7,0,1,3,55,5,11,23,149,4,0,77,13,2,6,13,1,0,30,2,0
2020-04-30T00:00:00,356,5,0,1,5,53,3,14,24,141,2,0,61,4,1,2,11,1,1,23,3,1
2020-05-01T00:00:00,271,5,0,1,0,33,1,7,10,112,1,0,44,13,4,3,14,0,0,20,0,3
2020-05-02T00:00:00,237,5,0,0,1,36,3,13,11,89,3,0,38,5,1,1,13,0,2,14,0,2
2020-05-03T00:00:00,181,1,2,0,1,24,1,5,14,70,3,0,33,1,0,2,6,0,1,14,1,2
2020-05-04T00:00:00,284,3,0,2,1,41,0,10,16,118,2,1,47,2,2,6,12,0,1,19,1,0
2020-05-05T00:00:00,276,3,0,0,1,31,2,14,13,107,1,0,45,8,2,6,14,2,0,22,0,5
2020-05-06T00:00:00,281,4,0,0,0,52,4,3,16,116,1,1,55,3,0,2,9,0,0,13,2,0
2020-05-07T00:00:00,265,0,0,0,4,28,4,14,20,103,4,0,50,8,0,1,10,0,1,18,0,0
2020-05-08T00:00:00,274,3,0,1,3,29,6,10,17,115,2,2,55,5,0,0,6,0,2,16,1,1
2020-05-09T00:00:00,163,2,0,0,3,20,2,7,8,69,0,0,29,4,0,0,3,1,0,11,1,3
2020-05-10T00:00:00,155,1,1,0,3,22,1,2,2,68,1,3,34,2,2,4,5,0,0,2,0,2
2020-05-11T00:00:00,227,2,0,0,3,35,1,5,6,99,1,2,48,4,0,0,4,0,1,14,0,2
2020-05-12T00:00:00,174,2,0,0,4,24,0,3,12,70,1,1,35,5,0,1,8,0,0,7,1,0
2020-05-13T00:00:00,178,1,0,0,1,14,4,10,7,77,0,2,34,7,0,4,8,0,0,5,1,3
2020-05-14T00:00:00,190,2,0,0,1,18,6,5,10,74,0,0,47,2,0,4,6,1,1,9,1,3
2020-05-15T00:00:00,191,3,0,1,1,18,9,13,13,60,0,0,51,3,0,0,7,1,0,10,0,1
2020-05-16T00:00:00,133,0,0,0,0,11,5,9,4,52,0,3,33,1,1,0,5,0,1,7,1,0
2020-05-17T00:00:00,116,2,0,0,1,11,0,4,4,50,2,0,27,2,1,1,4,0,0,5,2,0
2020-05-18T00:00:00,150,2,0,0,2,16,2,8,11,48,0,0,43,3,1,0,9,1,0,3,0,1
2020-05-19T00:00:00,143,0,0,0,1,15,0,9,8,59,1,0,31,2,0,1,3,0,1,9,0,3
2020-05-20T00:00:00,138,1,0,2,0,19,1,6,3,56,0,1,31,1,1,0,7,0,0,7,0,2
2020-05-21T00:00:00,109,1,0,0,1,15,2,6,8,38,0,0,21,3,1,0,6,0,1,3,1,2
2020-05-22T00:00:00,111,2,0,0,0,11,0,9,6,37,0,0,35,2,0,0,6,0,0,2,1,0
2020-05-23T00:00:00,88,0,0,0,0,7,1,6,6,34,0,1,20,6,0,1,2,0,0,2,1,1
2020-05-24T00:00:00,83,2,0,0,0,4,0,6,4,36,0,0,20,5,0,1,3,0,0,2,0,0
2020-05-25T00:00:00,137,1,0,0,2,20,1,6,8,43,1,0,39,0,0,1,7,1,0,5,1,1
2020-05-26T00:00:00,104,0,0,0,0,7,1,5,9,44,0,2,25,2,0,0,6,0,0,3,0,0
2020-05-27T00:00:00,97,0,0,0,2,13,3,4,5,34,0,0,30,0,0,1,1,0,1,2,0,1
2020-05-28T00:00:00,77,0,0,0,0,11,1,3,2,36,0,0,18,0,0,1,4,0,0,1,0,0
2020-05-29T00:00:00,94,0,0,0,0,4,2,4,3,44,0,0,25,2,1,0,3,0,0,5,0,1
2020-05-30T00:00:00,79,0,0,0,0,6,2,3,8,31,0,0,25,2,0,1,1,0,0,0,0,0
2020-05-31T00:00:00,47,1,0,0,0,3,1,3,2,21,0,0,11,1,0,1,2,0,0,1,0,0
2020-06-01T00:00:00,100,1,0,0,0,10,1,1,7,33,0,1,32,3,0,0,7,0,0,3,0,1
2020-06-02T00:00:00,59,2,0,0,0,6,1,1,6,21,0,0,14,0,0,1,3,0,0,4,0,0
2020-06-03T00:00:00,80,1,0,0,0,5,3,5,8,27,0,0,25,0,0,2,0,0,0,2,0,2
2020-06-04T00:00:00,72,0,0,3,0,7,1,5,6,24,0,0,19,0,0,1,2,0,1,2,1,0
2020-06-05T00:00:00,78,0,0,0,1,7,1,3,3,34,0,0,22,1,0,1,1,0,1,3,0,0
2020-06-06T00:00:00,46,0,1,0,1,5,1,5,4,19,0,0,6,1,0,0,2,0,0,1,0,0
2020-06-07T00:00:00,42,2,0,0,1,3,0,3,3,21,0,0,8,0,0,0,0,0,0,0,1,0
2020-06-08T00:00:00,93,1,0,0,0,6,1,12,5,28,0,0,29,1,1,0,4,1,0,2,1,1
2020-06-09T00:00:00,64,1,0,1,0,7,0,2,2,25,0,0,21,0,0,0,1,1,0,3,0,0
2020-06-10T00:00:00,69,0,0,1,0,7,0,9,4,24,0,0,19,0,0,2,2,0,0,1,0,0
2020-06-11T00:00:00,55,2,0,0,0,1,0,5,0,22,0,0,21,0,0,0,0,1,0,2,1,0
2020-06-12T00:00:00,66,0,0,0,0,6,1,7,1,18,0,0,23,0,2,0,3,0,0,3,2,0
2020-06-13T00:00:00,58,0,0,0,0,5,0,12,3,28,0,0,8,0,0,0,0,0,0,2,0,0
2020-06-14T00:00:00,48,0,0,1,0,3,0,4,2,19,0,0,13,0,0,0,5,0,1,0,0,0
2020-06-15T00:00:00,64,2,0,0,0,7,1,3,1,35,0,1,12,0,0,0,1,0,0,1,0,0
2020-06-16T00:00:00,49,1,0,0,0,3,1,2,6,19,0,0,13,0,1,0,3,0,0,0,0,0
2020-06-17T00:00:00,57,1,0,0,0,2,1,2,2,17,0,0,25,2,0,0,5,0,0,0,0,0
2020-06-18T00:00:00,62,0,0,0,2,8,0,1,3,27,0,1,16,0,0,0,2,0,0,0,2,0
2020-06-19T00:00:00,70,1,0,0,2,4,2,3,3,21,0,0,29,1,0,0,1,0,1,2,0,0
2020-06-20T00:00:00,34,0,0,0,0,2,2,5,4,10,0,0,6,1,0,0,2,0,1,0,1,0
2020-06-21T00:00:00,41,1,0,1,1,7,0,4,4,9,0,1,11,0,0,0,1,0,0,1,0,0
2020-06-22T00:00:00,72,0,0,0,2,5,0,3,4,22,1,0,30,1,0,1,2,0,0,0,1,0
2020-06-23T00:00:00,50,0,0,0,0,3,0,4,1,22,0,0,15,0,0,0,5,0,0,0,0,0
2020-06-24T00:00:00,65,0,0,1,4,3,1,6,1,28,0,0,19,0,0,0,1,0,0,1,0,0
2020-06-25T00:00:00,64,0,0,0,15,10,1,3,3,19,0,0,9,1,0,0,0,0,0,1,1,1
2020-06-26T00:00:00,70,0,0,0,0,6,1,6,3,27,0,0,19,0,0,2,3,0,0,1,2,0
2020-06-27T00:00:00,36,2,0,0,1,2,0,2,4,16,0,0,4,0,1,0,2,0,0,1,0,1
2020-06-28T00:00:00,29,0,0,0,0,2,0,3,2,16,0,0,5,0,0,0,1,0,0,0,0,0
2020-06-29T00:00:00,71,0,0,0,0,7,0,1,4,27,0,0,24,0,1,1,1,0,1,3,1,0
2020-06-30T00:00:00,60,0,0,0,1,4,0,7,3,22,0,0,18,0,0,1,0,1,0,3,0,0
2020-07-01T00:00:00,49,0,0,0,1,2,1,4,1,18,1,0,18,0,0,0,0,0,0,3,0,0
2020-07-02T00:00:00,64,1,0,0,7,8,0,10,0,21,0,0,13,0,0,0,1,1,1,1,0,0
2020-07-03T00:00:00,69,1,0,0,4,5,3,6,4,26,0,0,17,0,0,0,0,1,0,1,0,1
2020-07-04T00:00:00,36,3,0,0,1,2,0,5,2,18,0,0,3,0,1,0,1,0,0,0,0,0
2020-07-05T00:00:00,47,0,0,1,3,12,2,4,4,13,0,0,4,0,0,2,1,0,0,1,0,0
2020-07-06T00:00:00,56,0,0,0,1,8,0,10,2,15,1,0,12,0,0,0,0,0,0,4,2,1
2020-07-07T00:00:00,45,0,0,0,1,5,1,3,1,19,0,0,11,2,0,0,0,0,0,2,0,0
2020-07-08T00:00:00,55,1,2,0,2,6,1,6,2,20,1,0,11,0,0,0,1,1,0,0,1,0
2020-07-09T00:00:00,44,0,0,0,0,4,0,1,1,19,0,0,12,0,0,0,0,0,0,6,1,0
2020-07-10T00:00:00,60,0,0,0,2,6,0,3,0,25,0,1,15,0,0,2,0,0,0,5,1,0
2020-07-11T00:00:00,46,0,0,0,2,4,0,4,1,23,1,0,5,0,0,0,0,1,0,3,1,1
2020-07-12T00:00:00,36,1,0,0,1,2,0,3,3,12,1,0,7,0,0,1,0,0,0,5,0,0
2020-07-13T00:00:00,59,0,0,0,1,3,1,3,3,17,0,0,24,0,1,4,1,0,0,1,0,0
2020-07-14T00:00:00,48,0,0,1,3,2,1,5,0,16,0,0,11,0,0,0,4,1,0,4,0,0
2020-07-15T00:00:00,55,0,0,0,3,2,1,6,4,14,0,0,15,0,0,2,3,1,0,3,1,0
2020-07-16T00:00:00,53,1,0,1,1,9,3,1,2,10,0,0,11,0,0,6,0,0,1,6,1,0
2020-07-17T00:00:00,77,1,0,1,6,11,0,5,1,19,0,0,19,3,0,1,1,0,0,8,1,0
2020-07-18T00:00:00,44,0,0,0,2,1,0,9,4,12,0,0,10,0,3,1,0,0,0,2,0,0
2020-07-19T00:00:00,34,1,0,0,0,4,0,4,0,12,0,0,7,0,0,1,1,0,0,3,0,1
2020-07-20T00:00:00,62,1,0,0,4,5,0,6,10,13,0,0,22,0,0,0,0,0,0,0,1,0
2020-07-21T00:00:00,65,1,0,0,3,5,2,9,4,16,1,0,14,1,1,2,0,0,0,5,0,1
2020-07-22T00:00:00,56,0,0,0,5,3,1,1,4,22,0,0,13,3,1,0,2,0,0,1,0,0
2020-07-23T00:00:00,59,1,0,0,3,6,2,5,1,19,1,0,11,1,0,1,0,1,0,6,1,0
2020-07-24T00:00:00,56,1,0,0,1,3,0,11,4,18,0,0,10,4,0,1,0,0,0,3,0,0
2020-07-25T00:00:00,58,1,0,0,3,5,1,6,1,16,0,1,9,2,0,8,0,0,0,3,2,0
2020-07-26T00:00:00,41,1,0,0,1,5,0,3,2,17,1,0,6,0,0,2,1,0,0,2,0,0
2020-07-27T00:00:00,50,0,0,0,2,2,0,5,2,12,1,0,15,0,0,3,3,0,0,5,0,0
2020-07-28T00:00:00,57,1,0,0,2,6,1,8,1,16,0,0,13,2,0,2,1,0,0,3,1,0
2020-07-29T00:00:00,52,0,0,0,4,5,1,3,2,16,0,0,10,0,0,2,2,0,0,7,0,0
2020-07-30T00:00:00,53,0,0,0,0,5,0,7,1,13,1,0,13,2,0,6,2,0,0,2,1,0
2020-07-31T00:00:00,72,1,0,1,0,3,0,8,0,28,1,0,13,1,1,5,3,3,0,4,0,0
2020-08-01T00:00:00,65,1,0,1,1,8,3,5,1,17,1,0,10,3,1,0,5,0,0,7,0,1
2020-08-02T00:00:00,48,2,0,0,0,10,0,3,1,11,0,0,6,4,0,0,3,1,0,6,1,0
2020-08-03T00:00:00,76,2,0,0,2,5,0,6,1,22,1,0,26,2,0,2,1,0,0,3,1,2
2020-08-04T00:00:00,59,2,0,1,1,6,1,4,2,19,1,0,8,2,1,1,2,0,0,7,1,0
2020-08-05T00:00:00,74,1,0,1,2,5,4,6,3,27,0,0,8,2,1,5,2,2,0,3,2,0
2020-08-06T00:00:00,54,3,0,1,1,7,2,4,2,11,0,0,13,1,0,4,0,0,3,2,0,0
2020-08-07T00:00:00,65,1,0,0,0,6,1,4,2,21,0,0,14,2,1,2,1,2,1,5,0,2
2020-08-08T00:00:00,57,0,0,1,4,4,0,7,0,17,0,0,6,4,0,6,2,0,0,6,0,0
2020-08-09T00:00:00,60,1,0,0,3,2,0,8,4,15,2,0,6,7,0,7,0,0,0,3,1,1
2020-08-10T00:00:00,79,0,0,0,10,4,0,6,0,31,0,0,13,5,0,0,2,1,0,6,0,1
2020-08-11T00:00:00,58,1,0,0,0,1,0,8,4,18,3,0,9,5,0,3,2,1,0,2,1,0
2020-08-12T00:00:00,86,1,0,2,7,6,0,10,4,27,0,0,12,3,2,3,2,0,0,7,0,0
2020-08-13T00:00:00,78,0,0,1,3,12,1,5,3,29,1,0,7,2,0,4,1,1,0,8,0,0
2020-08-14T00:00:00,80,1,0,0,4,4,2,9,2,30,1,0,12,3,1,3,1,1,0,4,1,1
2020-08-15T00:00:00,60,0,0,1,2,4,2,9,1,14,0,0,9,4,1,3,3,0,0,6,1,0
2020-08-16T00:00:00,62,2,0,1,5,5,0,11,3,9,1,0,5,3,2,10,1,0,0,4,0,0
2020-08-17T00:00:00,82,0,0,1,9,5,0,11,1,22,0,0,14,6,3,1,2,0,0,7,0,0
2020-08-18T00:00:00,102,1,0,0,4,6,1,15,2,27,1,1,24,3,1,4,3,2,0,4,2,1
2020-08-19T00:00:00,126,3,0,1,3,11,3,9,6,31,3,0,23,10,2,5,3,0,0,13,0,0
2020-08-20T00:00:00,77,4,0,0,2,1,0,15,0,25,0,0,11,5,4,2,2,0,0,6,0,0
2020-08-21T00:00:00,91,3,1,0,7,8,1,10,3,22,0,0,8,9,1,3,5,2,0,6,1,1
2020-08-22T00:00:00,112,4,0,1,12,6,1,19,1,35,2,0,7,10,1,6,4,0,0,3,0,0
2020-08-23T00:00:00,89,2,0,1,1,9,3,12,5,24,0,0,4,11,8,3,1,0,0,5,0,0
2020-08-24T00:00:00,116,0,0,1,2,6,1,17,8,40,1,1,11,9,2,3,2,2,0,9,1,0
2020-08-25T00:00:00,140,1,0,0,9,9,1,14,4,45,2,1,17,10,3,7,3,1,0,11,1,1
2020-08-26T00:00:00,141,4,0,0,4,10,2,18,7,50,1,0,10,10,4,5,10,1,0,5,0,0
2020-08-27T00:00:00,136,1,0,0,9,9,1,15,11,44,3,0,7,9,3,8,6,0,0,10,0,0
2020-08-28T00:00:00,135,3,0,3,3,6,2,18,6,37,3,0,15,7,8,5,6,0,1,9,1,2
2020-08-29T00:00:00,106,2,0,0,6,5,1,10,3,33,0,0,4,14,4,5,6,0,0,13,0,0
2020-08-30T00:00:00,114,0,0,4,4,7,2,18,7,33,0,0,7,13,3,5,3,1,0,7,0,0
2020-08-31T00:00:00,122,0,0,0,5,7,1,19,11,34,0,0,13,7,2,6,6,0,1,8,0,2
2020-09-01T00:00:00,151,1,0,1,6,15,1,21,8,39,0,0,13,20,5,7,4,0,0,10,0,0
2020-09-02T00:00:00,164,1,1,0,10,18,5,18,7,37,1,0,19,17,5,8,4,1,0,11,1,0
2020-09-03T00:00:00,179,4,1,1,14,13,2,27,11,39,2,0,16,13,6,9,5,3,0,11,2,0
2020-09-04T00:00:00,165,1,0,2,4,12,3,24,8,39,0,0,16,12,6,10,8,1,0,15,0,4
2020-09-05T00:00:00,147,0,1,6,8,15,3,22,12,28,0,0,9,14,3,8,5,0,0,13,0,0
2020-09-06T00:00:00,123,1,0,3,1,7,2,23,11,25,0,0,12,10,4,11,2,1,0,10,0,0
2020-09-07T00:00:00,201,3,1,3,14,16,5,19,20,44,1,2,14,18,7,9,5,1,1,17,1,0
2020-09-08T00:00:00,168,7,0,1,8,13,0,15,11,39,4,0,22,18,6,6,6,2,0,9,1,0
2020-09-09T00:00:00,180,2,0,3,7,15,4,26,12,38,0,0,8,12,14,14,13,1,0,9,0,2
2020-09-10T00:00:00,199,3,2,0,10,14,1,29,15,39,3,0,9,10,6,16,10,3,1,25,3,0
2020-09-11T00:00:00,189,3,1,0,13,15,2,31,18,39,3,0,15,6,7,10,12,2,1,9,1,1
2020-09-12T00:00:00,180,3,0,3,16,16,5,26,11,23,3,2,10,21,3,15,11,1,0,7,2,2
2020-09-13T00:00:00,173,2,0,0,9,8,1,34,21,28,2,0,10,14,10,14,2,1,0,16,0,1
2020-09-14T00:00:00,209,1,1,1,8,16,5,30,21,45,2,1,18,11,7,12,8,5,1,11,3,2
2020-09-15T00:00:00,229,7,0,2,8,14,0,41,21,47,3,1,15,14,6,17,10,2,0,20,1,0
2020-09-16T00:00:00,226,3,1,0,15,22,5,32,20,45,5,0,21,8,2,17,11,1,0,14,0,4
2020-09-17T00:00:00,234,4,0,1,15,18,1,47,29,45,2,0,15,7,5,13,8,4,1,19,0,0
2020-09-18T00:00:00,238,4,0,2,13,17,1,40,25,48,2,1,13,8,7,21,7,4,0,20,3,2
2020-09-19T00:00:00,188,2,0,4,10,9,1,27,20,39,3,0,8,15,9,16,7,1,0,16,0,1
2020-09-20T00:00:00,167,8,1,3,9,6,2,34,13,25,1,1,9,5,6,16,4,2,0,15,4,3
2020-09-21T00:00:00,242,0,0,1,15,13,2,40,26,47,3,1,25,9,12,16,8,0,1,19,3,1
2020-09-22T00:00:00,247,2,1,0,15,13,1,54,28,51,1,0,17,13,6,20,7,4,0,13,1,0
2020-09-23T00:00:00,242,1,1,3,15,13,4,57,13,51,0,0,26,7,2,24,7,1,0,15,0,2
2020-09-24T00:00:00,240,5,2,2,9,14,2,39,10,48,4,1,28,16,10,18,5,2,0,23,1,1
2020-09-25T00:00:00,260,2,2,1,14,15,4,50,18,48,2,1,17,20,7,27,6,2,0,22,2,0
2020-09-26T00:00:00,218,1,1,3,19,9,2,55,14,34,3,0,11,11,7,21,5,2,0,17,2,1
2020-09-27T00:00:00,191,5,0,2,11,13,1,46,18,26,2,2,8,10,2,22,5,3,0,14,1,0
2020-09-28T00:00:00,258,3,0,2,20,18,1,42,13,42,1,0,46,9,7,22,6,4,1,19,1,1
2020-09-29T00:00:00,274,4,0,2,13,7,4,60,10,53,2,0,22,14,9,36,12,1,3,21,0,1
2020-09-30T00:00:00,240,4,1,1,17,16,2,30,19,38,0,1,32,17,6,20,14,1,0,14,3,4
2020-10-01T00:00:00,318,6,2,1,25,21,6,67,30,52,0,1,29,9,7,25,12,6,2,15,0,2
2020-10-02T00:00:00,342,8,2,2,12,35,5,51,25,72,0,0,39,7,4,35,10,3,0,28,0,4
2020-10-03T00:00:00,355,8,5,0,20,20,2,63,33,69,3,1,22,15,10,27,13,4,1,33,4,2
2020-10-04T00:00:00,322,8,4,4,22,17,6,49,29,49,2,0,28,18,5,33,13,3,3,23,5,1
2020-10-05T00:00:00,423,5,1,4,35,32,0,67,33,90,2,0,39,27,11,23,15,6,0,30,3,0
2020-10-06T00:00:00,468,10,2,2,24,25,5,71,28,98,3,3,51,34,9,42,11,4,0,40,1,5
2020-10-07T00:00:00,464,9,0,5,32,23,4,62,36,124,4,1,54,23,11,27,12,6,5,24,2,0
2020-10-08T00:00:00,515,10,1,3,23,33,3,76,40,122,5,0,46,23,19,31,17,6,2,45,7,3
2020-10-09T00:00:00,556,14,1,2,24,32,5,76,49,155,7,2,51,20,13,38,15,10,0,35,2,5
2020-10-10T00:00:00,571,13,2,4,34,52,5,79,48,155,5,1,37,16,13,39,20,10,2,30,3,3
2020-10-11T00:00:00,586,16,0,0,35,50,3,66,53,163,11,0,43,26,18,29,26,10,1,34,1,1
2020-10-12T00:00:00,736,19,2,4,33,59,6,79,56,209,11,1,61,34,20,60,20,12,2,36,12,0
2020-10-13T00:00:00,806,14,0,4,42,60,9,85,55,235,6,0,72,28,16,66,39,9,5,47,6,8
2020-10-14T00:00:00,827,14,4,10,31,70,10,113,57,223,8,2,59,38,10,57,25,14,4,66,7,5
2020-10-15T00:00:00,940,22,6,8,44,63,16,94,39,300,15,0,91,42,17,56,31,23,4,59,5,5
2020-10-16T00:00:00,946,14,0,7,37,63,14,116,52,299,6,2,79,47,19,55,31,19,5,64,12,5
2020-10-17T00:00:00,1112,20,6,8,43,73,12,116,106,336,19,3,85,51,33,79,18,18,8,61,6,11
2020-10-18T00:00:00,1038,20,5,6,44,72,13,115,106,344,9,0,81,28,27,54,22,18,8,53,6,7
2020-10-19T00:00:00,1281,36,4,3,50,84,11,145,114,424,10,1,118,53,18,62,39,25,6,66,6,6
2020-10-20T00:00:00,1387,28,4,13,59,110,22,146,102,456,13,4,134,52,25,82,23,25,10,60,13,6
2020-10-21T00:00:00,1407,20,5,10,52,91,17,161,85,532,21,4,128,51,11,86,26,19,4,64,14,6
2020-10-22T00:00:00,1507,23,3,14,48,105,26,140,96,560,18,3,147,60,21,67,31,24,5,80,21,15
2020-10-23T00:00:00,1713,30,9,14,61,136,17,191,103,575,25,4,151,76,19,95,36,29,8,100,15,19
2020-10-24T00:00:00,1576,30,4,11,60,97,20,131,90,611,23,6,171,57,16,72,32,24,8,97,9,7
2020-10-25T00:00:00,1658,39,1,13,71,132,29,176,86,575,31,1,152,76,19,81,37,30,10,77,9,13
2020-10-26T00:00:00,1968,31,9,15,66,154,31,158,121,727,44,6,177,73,29,93,31,32,22,117,19,13
2020-10-27T00:00:00,1960,40,4,17,90,151,26,172,86,718,24,5,190,93,27,95,36,23,9,117,25,12
2020-10-28T00:00:00,2000,37,8,17,80,149,27,159,110,733,40,2,182,72,32,96,45,24,14,126,25,22
2020-10-29T00:00:00,2100,46,8,15,52,165,31,180,119,773,28,5,188,64,25,108,65,25,25,125,22,31
2020-10-30T00:00:00,2282,41,10,18,124,175,31,205,111,801,14,4,191,80,36,135,64,23,14,147,30,28
2020-10-31T00:00:00,2067,49,15,31,80,173,36,171,121,697,13,8,201,72,28,117,37,33,15,127,30,13
2020-11-01T00:00:00,1929,41,7,16,68,147,20,164,95,658,16,3,155,108,30,103,55,30,12,135,28,38
2020-11-02T00:00:00,2426,40,5,28,86,202,20,190,117,848,43,8,259,100,32,127,70,40,9,135,32,35
2020-11-03T00:00:00,2480,45,13,22,93,187,24,168,110,865,41,7,230,119,41,133,87,36,17,163,38,41
2020-11-04T00:00:00,2587,45,7,19,93,199,59,167,107,916,49,7,244,129,28,133,103,42,9,170,33,28
2020-11-05T00:00:00,2616,54,14,28,90,217,24,209,134,887,34,6,267,100,27,129,104,49,12,159,41,31
2020-11-06T00:00:00,2560,47,4,20,79,217,34,204,103,920,27,2,250,109,30,124,94,47,13,168,39,29
2020-11-07T00:00:00,2430,60,11,29,83,206,38,187,111,749,33,0,234,161,22,140,64,35,12,193,32,30
2020-11-08T00:00:00,2182,43,5,28,59,199,28,155,73,698,28,5,221,118,20,156,64,31,14,178,35,24
2020-11-09T00:00:00,2492,40,9,25,82,235,41,190,84,826,23,16,258,114,28,123,101,35,9,189,30,34
2020-11-10T00:00:00,2525,64,4,24,96,197,29,178,93,753,18,9,248,136,33,132,137,43,14,238,36,43
2020-11-11T00:00:00,2631,50,5,35,107,245,39,195,122,844,16,7,238,118,29,132,115,36,13,205,40,40
2020-11-12T00:00:00,2531,66,6,25,79,225,37,165,83,801,24,5,268,104,32,139,145,33,11,194,39,50
2020-11-13T00:00:00,2557,60,10,27,81,223,41,183,99,786,18,5,279,103,19,134,158,38,10,208,33,42
2020-11-14T00:00:00,2318,49,12,29,91,216,43,189,88,637,26,8,182,153,25,126,119,28,8,217,35,37
2020-11-15T00:00:00,2011,46,16,33,69,197,54,144,69,566,28,9,172,116,23,90,107,30,20,158,33,31
2020-11-16T00:00:00,2484,56,6,28,94,261,45,176,78,714,28,5,246,154,32,112,132,38,12,198,32,37
2020-11-17T00:00:00,2467,65,9,26,84,254,56,169,64,690,24,7,240,125,28,149,172,33,11,194,29,38
2020-11-18T00:00:00,2317,56,9,27,80,212,51,171,62,616,24,7,269,123,27,133,144,35,10,182,28,51
2020-11-19T00:00:00,2305,46,11,28,70,255,54,160,62,630,20,9,224,138,25,131,150,28,14,187,23,40
2020-11-20T00:00:00,2209,50,8,34,71,243,61,163,60,568,17,8,208,127,20,115,155,31,15,191,22,42
2020-11-21T00:00:00,1816,43,4,23,54,195,36,127,49,425,20,6,158,133,20,124,124,17,7,189,19,43
2020-11-22T00:00:00,1606,51,4,22,56,170,54,122,60,344,32,9,150,84,22,96,107,19,6,157,16,25
2020-11-23T00:00:00,2019,40,4,26,90,228,39,143,60,545,18,10,203,117,24,89,83,23,7,211,30,29
2020-11-24T00:00:00,1955,58,1,26,61,198,46,145,51,480,18,5,182,151,27,118,92,35,6,201,17,37
2020-11-25T00:00:00,1847,51,1,25,68,194,50,113,50,439,20,7,184,127,37,122,88,29,6,189,12,35
2020-11-26T00:00:00,1775,43,0,23,70,199,54,153,41,391,24,6,150,111,21,102,92,20,4,218,15,38
2020-11-27T00:00:00,1775,34,4,15,56,194,51,155,62,425,23,9,136,112,28,112,61,20,9,204,29,36
2020-11-28T00:00:00,1606,40,1,15,49,180,55,130,56,358,22,7,124,102,24,103,64,22,12,185,22,35
2020-11-29T00:00:00,1375,30,1,17,77,138,42,110,45,304,19,6,124,94,24,79,55,21,1,159,6,23
2020-11-30T00:00:00,1599,35,4,11,60,199,35,130,45,358,21,6,133,92,33,85,72,23,6,197,22,32
2020-12-01T00:00:00,1615,32,2,13,42,226,52,125,52,319,29,2,138,96,32,94,70,18,5,221,23,24
2020-12-02T00:00:00,1614,45,1,17,48,197,34,164,43,361,19,3,112,78,47,97,65,21,4,190,22,46
2020-12-03T00:00:00,1571,30,3,19,60,204,36,135,54,346,14,1,127,95,36,70,44,22,2,227,20,26
2020-12-04T00:00:00,1539,35,2,15,46,167,36,134,35,345,15,4,130,96,34,83,73,25,5,211,10,38
2020-12-05T00:00:00,1426,28,0,25,36,161,41,152,38,310,22,6,98,99,31,74,57,20,7,174,19,28
2020-12-06T00:00:00,1257,30,1,13,51,139,19,99,25,295,20,1,88,56,27,70,62,16,6,196,12,31
2020-12-07T00:00:00,1412,33,2,16,33,153,37,116,44,288,14,5,109,97,33,69,66,24,6,225,14,28
2020-12-08T00:00:00,1290,19,1,9,33,181,41,119,25,271,26,4,92,68,27,61,35,15,4,197,23,39
2020-12-09T00:00:00,1427,34,1,11,31,178,39,119,33,305,20,2,103,68,23,74,78,19,4,224,21,40
2020-12-10T00:00:00,1393,33,4,9,33,178,36,131,50,314,19,9,87,63,31,69,60,21,1,204,12,29
2020-12-11T00:00:00,1437,31,0,13,40,183,47,137,31,352,21,2,93,76,23,59,69,6,3,209,15,27
2020-12-12T00:00:00,1260,20,2,8,41,153,28,116,24,270,32,7,90,63,24,50,50,15,6,219,7,35
2020-12-13T00:00:00,1037,30,1,8,38,133,33,103,34,187,28,4,68,54,19,63,34,9,3,151,9,28
2020-12-14T00:00:00,1350,19,2,11,29,178,38,112,41,279,16,1,97,82,32,79,62,12,9,203,15,33
2020-12-15T00:00:00,1262,30,0,13,29,165,26,120,40,252,22,3,99,46,19,75,52,11,2,211,17,30
2020-12-16T00:00:00,1249,28,0,10,32,176,45,114,46,235,17,3,76,67,27,68,62,18,7,179,7,32
2020-12-17T00:00:00,1282,26,1,8,33,182,38,123,39,275,23,5,85,66,16,66,66,10,3,180,8,29
2020-12-18T00:00:00,1264,27,2,12,31,156,36,101,39,256,22,3,73,75,28,89,53,14,7,207,10,23
2020-12-19T00:00:00,1193,21,0,6,31,165,28,107,37,239,21,3,57,69,23,93,39,19,3,181,16,35
2020-12-20T00:00:00,1036,15,0,14,37,146,32,102,24,181,13,2,72,59,43,56,32,12,8,167,7,14
2020-12-21T00:00:00,1250,18,1,11,39,174,31,96,48,274,34,5,96,62,19,47,34,18,7,207,14,15
2020-12-22T00:00:00,1279,13,2,15,37,172,42,128,39,251,20,5,97,66,21,71,54,17,8,187,13,21
2020-12-23T00:00:00,1233,17,4,10,23,182,28,139,29,249,16,3,75,77,19,80,43,11,7,182,14,25
2020-12-24T00:00:00,1254,26,2,8,21,177,53,122,43,199,21,3,83,76,23,79,38,27,6,220,9,18
2020-12-25T00:00:00,988,11,2,6,24,141,40,98,22,188,18,4,59,43,18,59,27,12,4,184,9,19
2020-12-26T00:00:00,1137,21,2,7,23,161,42,97,42,232,27,5,61,70,18,67,29,12,5,178,9,29
2020-12-27T00:00:00,1192,36,1,7,19,155,46,107,35,252,31,6,73,55,13,72,33,19,2,186,11,33
2020-12-28T00:00:00,1354,19,0,16,24,174,47,159,61,272,28,2,64,84,35,82,25,16,1,194,21,30
2020-12-29T00:00:00,1407,17,2,18,42,211,40,151,53,269,29,2,78,75,14,82,47,18,6,202,18,33
2020-12-30T00:00:00,1331,30,1,14,32,175,49,148,48,261,17,3,69,76,15,89,35,30,4,180,27,28
2020-12-31T00:00:00,1370,32,1,16,27,201,60,157,54,245,28,4,68,70,18,94,37,16,3,193,14,32
2021-01-01T00:00:00,1146,27,3,7,21,182,32,128,30,200,14,2,69,54,29,84,31,18,5,166,18,26
2021-01-02T00:00:00,1409,38,1,18,21,183,41,160,45,299,30,12,62,72,22,112,53,20,2,171,21,26
2021-01-03T00:00:00,1194,41,1,24,33,178,37,115,34,233,28,2,63,65,30,79,28,14,2,142,14,31
2021-01-04T00:00:00,1426,41,1,14,27,184,33,142,32,335,32,7,69,76,29,111,51,16,2,182,20,22
2021-01-05T00:00:00,1458,30,0,15,31,211,50,111,37,319,39,1,79,105,30,106,43,21,4,180,17,29
2021-01-06T00:00:00,1209,22,2,14,22,156,45,137,39,232,14,1,70,66,31,107,36,11,1,146,20,37
2021-01-07T00:00:00,1400,30,1,11,31,211,39,115,33,322,24,4,87,90,30,85,55,17,3,171,20,21
2021-01-08T00:00:00,1459,25,2,20,22,191,61,123,41,308,26,6,83,101,36,118,42,28,2,166,29,29
2021-01-09T00:00:00,1272,22,0,20,30,149,44,139,54,244,36,1,75,86,30,101,46,14,4,136,13,28
2021-01-10T00:00:00,1151,24,5,13,22,152,41,129,39,214,24,5,74,55,38,117,32,14,1,121,14,17
2021-01-11T00:00:00,1338,22,1,22,26,160,56,151,29,289,15,6,69,80,30,126,41,14,1,155,19,26
2021-01-12T00:00:00,1299,23,0,28,33,148,47,135,47,245,24,5,80,82,32,119,40,19,3,149,15,25
2021-01-13T00:00:00,1280,30,1,23,31,159,35,132,41,257,22,4,73,73,22,145,44,18,3,132,12,23
2021-01-14T00:00:00,1279,13,2,10,27,179,41,150,34,260,19,4,81,89,20,107,37,18,3,146,17,22
2021-01-15T00:00:00,1245,24,2,13,31,164,37,151,40,259,23,6,69,82,29,109,31,17,6,114,14,24
2021-01-16T00:00:00,1189,28,1,15,35,159,44,150,40,199,20,5,79,85,21,109,40,16,3,113,13,14
2021-01-17T00:00:00,927,25,1,18,24,110,28,99,29,181,18,5,57,53,29,86,29,20,2,84,16,13
2021-01-18T00:00:00,1156,21,1,13,41,147,37,98,41,243,18,5,88,74,17,118,32,17,3,103,23,16
2021-01-19T00:00:00,1069,33,1,9,23,128,37,116,36,227,14,4,54,84,21,104,34,25,3,81,26,9
2021-01-20T00:00:00,1072,21,3,15,31,129,46,88,40,212,16,3,61,82,13,112,38,22,2,101,25,12
2021-01-21T00:00:00,1134,30,1,9,32,144,41,82,48,217,35,1,87,89,28,92,26,29,2,102,27,12
2021-01-22T00:00:00,1060,13,2,13,27,136,38,105,39,230,21,4,63,88,17,87,38,36,3,75,18,7
2021-01-23T00:00:00,988,22,0,18,25,129,24,93,43,218,20,7,66,71,10,91,27,23,3,72,15,11
2021-01-24T00:00:00,857,11,4,10,21,110,29,69,33,193,14,1,51,65,24,70,29,31,2,60,18,12
2021-01-25T00:00:00,1163,21,2,12,32,149,31,103,44,265,17,3,67,84,15,92,52,48,0,94,19,13
2021-01-26T00:00:00,972,18,0,7,19,131,21,91,41,223,20,2,65,82,17,78,35,24,1,66,16,15
2021-01-27T00:00:00,921,21,0,16,20,124,34,96,29,215,20,3,50,61,9,68,34,29,3,60,22,7
2021-01-28T00:00:00,974,24,0,13,27,117,33,86,41,212,21,3,52,68,15,78,29,41,0,80,20,14
2021-01-29T00:00:00,1020,27,1,11,19,121,36,113,37,264,16,4,59,76,11,77,24,23,1,66,21,13
2021-01-30T00:00:00,901,35,1,19,22,115,25,92,41,185,26,7,51,64,11,56,23,39,0,55,20,14
2021-01-31T00:00:00,825,24,2,9,17,114,19,89,26,169,16,4,54,71,9,65,30,29,1,47,15,15
2021-02-01T00:00:00,1054,33,2,12,34,114,22,91,35,271,21,7,70,70,15,75,36,41,1,65,33,6
2021-02-02T00:00:00,981,30,1,6,37,111,20,91,43,221,20,6,66,72,10,84,46,32,3,53,16,13
2021-02-03T00:00:00,975,56,0,16,29,102,24,114,38,210,20,10,64,80,12,51,41,28,0,47,23,10
2021-02-04T00:00:00,968,32,1,11,28,98,48,108,35,205,14,4,61,85,13,51,46,38,4,58,16,12
2021-02-05T00:00:00,975,27,1,11,30,118,32,98,32,241,28,4,75,70,16,49,30,36,1,41,20,15
2021-02-06T00:00:00,897,31,1,6,21,122,20,84,39,168,27,8,56,89,11,67,40,43,0,32,22,10
2021-02-07T00:00:00,842,29,1,8,19,103,15,86,36,191,23,6,57,68,15,49,35,34,2,44,13,8
2021-02-08T00:00:00,1024,35,0,11,26,115,21,94,37,290,16,4,57,73,19,54,42,39,1,44,32,14
2021-02-09T00:00:00,956,30,1,9,35,107,21,90,26,243,26,5,60,74,7,50,46,30,0,51,27,18
2021-02-10T00:00:00,1004,50,2,7,30,128,20,74,48,245,31,6,56,85,11,52,32,49,0,47,24,7
2021-02-11T00:00:00,973,26,1,4,27,118,25,90,37,256,16,6,68,82,6,45,39,30,0,43,28,26
2021-02-12T00:00:00,931,57,0,5,39,155,13,90,31,201,16,6,56,64,12,38,30,39,0,40,23,16
2021-02-13T00:00:00,849,31,2,2,30,122,16,80,28,192,14,10,46,64,7,60,42,28,2,36,19,18
2021-02-14T00:00:00,735,26,0,4,27,90,7,60,20,216,17,8,53,53,3,40,20,33,1,30,13,14
2021-02-15T00:00:00,969,45,1,4,40,136,18,81,30,267,32,8,66,52,7,45,40,34,0,32,18,13
2021-02-16T00:00:00,940,45,2,13,31,132,10,70,27,245,10,7,65,65,12,39,54,41,1,35,20,16
2021-02-17T00:00:00,1023,56,1,2,46,144,10,69,27,285,20,12,61,79,6,39,49,37,0,44,22,14
2021-02-18T00:00:00,1046,48,0,6,48,151,19,76,30,303,19,11,63,66,5,38,43,32,0,42,20,26
2021-02-19T00:00:00,1032,50,1,5,35,145,19,76,32,300,21,9,63,61,5,53,43,33,0,43,22,16
2021-02-20T00:00:00,992,47,0,8,40,139,23,74,28,267,21,11,60,81,5,43,39,33,1,47,11,14
2021-02-21T00:00:00,931,31,0,6,40,158,12,67,26,271,25,10,65,54,1,26,31,26,1,53,15,13
2021-02-22T00:00:00,1280,41,2,15,140,161,26,74,31,349,33,5,90,90,3,43,57,36,1,52,18,13
2021-02-23T00:00:00,1270,54,1,12,77,180,21,96,27,366,34,11,66,75,9,47,62,31,3,64,14,20
2021-02-24T00:00:00,1201,40,2,16,35,194,23,81,38,359,39,4,82,72,6,50,44,25,4,59,13,15
2021-02-25T00:00:00,1203,28,3,12,42,220,29,89,34,360,23,2,89,69,11,36,55,25,0,49,11,16
2021-02-26T00:00:00,1343,45,0,13,50,214,31,83,35,440,26,4,102,70,7,35,51,28,3,74,13,19
2021-02-27T00:00:00,1331,49,4,11,39,197,31,110,32,389,17,10,83,99,8,44,62,36,4,75,13,18
2021-02-28T00:00:00,1159,27,0,18,23,204,21,96,36,344,33,10,73,71,6,35,47,27,1,60,9,18
2021-03-01T00:00:00,1453,39,1,9,38,243,32,81,32,484,42,7,101,78,7,41,68,28,0,91,18,13
2021-03-02T00:00:00,1636,46,3,8,35,257,27,107,35,559,41,7,129,98,6,38,76,28,1,95,13,27
2021-03-03T00:00:00,1608,42,2,17,59,280,22,117,43,513,63,4,96,82,7,49,67,29,2,77,16,21
2021-03-04T00:00:00,1579,59,1,17,46,260,20,99,34,536,33,4,104,92,11,43,72,34,0,81,14,19
2021-03-05T00:00:00,1700,46,1,20,60,279,26,107,37,542,36,9,144,106,8,47,81,30,0,94,8,19
2021-03-06T00:00:00,1577,39,4,14,26,295,38,125,39,491,33,8,114,85,7,46,57,20,0,96,14,26
2021-03-07T00:00:00,1374,38,3,6,34,210,29,101,29,464,35,5,96,81,6,47,58,27,0,88,8,9
2021-03-08T00:00:00,1839,42,4,16,66,261,52,122,45,668,32,10,130,95,4,44,79,26,1,108,16,18
2021-03-09T00:00:00,1849,38,0,16,80,301,41,123,34,589,39,5,138,114,9,55,87,33,2,109,15,21
2021-03-10T00:00:00,1856,44,2,14,90,285,40,139,29,600,49,9,137,109,10,46,84,30,2,106,10,21
2021-03-11T00:00:00,1729,39,3,16,79,277,40,125,36,553,26,9,115,112,13,48,73,30,1,105,10,19
2021-03-12T00:00:00,1865,55,7,15,71,305,46,155,35,600,38,2,147,99,4,57,77,27,2,104,6,13
2021-03-13T00:00:00,1839,48,4,13,72,285,33,142,39,575,48,7,111,122,8,51,89,34,1,133,5,19
2021-03-14T00:00:00,1611,43,2,29,66,249,33,121,39,523,30,4,110,99,7,44,56,24,4,107,0,21
2021-03-15T00:00:00,2032,35,5,30,83,271,48,152,45,676,45,3,154,114,5,60,90,31,3,154,11,17
2021-03-16T00:00:00,2059,48,4,26,88,329,48,168,46,615,37,12,137,122,9,65,90,32,1,154,3,25
2021-03-17T00:00:00,1912,41,0,21,89,239,46,153,38,624,42,4,129,139,11,71,74,34,7,120,10,20
2021-03-18T00:00:00,1812,50,1,14,68,298,49,135,36,551,31,7,134,115,7,63,73,23,4,130,4,19
2021-03-19T00:00:00,1877,46,2,27,58,269,62,167,52,578,30,4,124,115,11,55,72,29,0,155,10,11
2021-03-20T00:00:00,1812,35,5,19,56,269,49,168,37,518,37,3,121,140,9,76,74,25,2,146,9,14
2021-03-21T00:00:00,1640,35,2,13,86,228,42,154,57,496,31,2,114,90,10,70,49,17,3,115,7,19
2021-03-22T00:00:00,1917,43,2,30,66,285,54,160,47,580,39,5,118,129,11,63,82,30,2,155,5,11
2021-03-23T00:00:00,1841,42,2,29,81,258,52,165,35,537,30,0,113,131,10,60,92,23,7,145,13,16
2021-03-24T00:00:00,1796,41,2,18,83,251,67,129,44,570,18,5,103,116,13,56,78,24,4,148,7,19
2021-03-25T00:00:00,1851,35,3,28,87,261,54,159,54,557,34,5,109,111,13,58,99,25,5,128,11,15
2021-03-26T00:00:00,1899,38,2,26,76,244,60,195,42,558,25,5,133,136,11,74,91,27,8,129,7,12
2021-03-27T00:00:00,1696,31,2,25,68,203,49,161,38,460,24,4,103,124,14,77,97,26,8,149,3,30
2021-03-28T00:00:00,1399,32,6,19,58,173,44,161,52,387,23,1,78,104,23,46,53,17,7,103,1,11
2021-03-29T00:00:00,1854,36,1,17,68,250,59,160,49,514,48,2,120,138,18,76,87,22,9,158,7,15
2021-03-30T00:00:00,1754,31,2,26,62,221,60,171,51,481,27,1,107,125,22,69,95,24,6,151,4,18
2021-03-31T00:00:00,1716,33,3,33,56,180,51,161,57,480,22,1,113,149,32,80,88,15,8,122,6,26
2021-04-01T00:00:00,1722,50,1,28,63,206,44,188,40,460,21,2,103,124,39,75,96,19,10,131,6,16
2021-04-02T00:00:00,1819,44,2,39,47,252,45,164,53,467,21,4,114,153,24,85,121,28,8,133,1,14
2021-04-03T00:00:00,1606,37,0,24,83,163,38,180,55,401,16,5,110,130,24,98,79,22,4,114,8,15
2021-04-04T00:00:00,1296,31,3,24,48,146,32,127,44,353,21,1,67,84,25,81,83,14,2,92,6,12
2021-04-05T00:00:00,1370,30,1,16,62,160,32,113,49,354,21,3,85,101,26,89,82,15,8,111,5,7
2021-04-06T00:00:00,1601,37,1,28,69,155,43,166,52,440,23,5,111,129,23,104,75,22,8,97,5,8
2021-04-07T00:00:00,1467,32,0,20,89,135,37,139,42,389,20,2,93,127,33,78,101,14,5,91,10,10
2021-04-08T00:00:00,1363,33,1,36,74,131,37,124,22,333,17,2,83,118,25,95,101,19,9,89,1,13
2021-04-09T00:00:00,1390,28,1,27,74,142,38,143,69,327,25,3,80,122,19,85,93,20,6,76,5,7
2021-04-10T00:00:00,1263,26,2,32,68,117,25,111,46,323,18,1,79,107,24,96,82,13,3,71,5,14
2021-04-11T00:00:00,1112,25,3,27,49,117,26,90,45,266,16,2,55,107,32,79,67,12,5,70,7,12
2021-04-12T00:00:00,1223,27,1,26,61,133,25,106,40,294,23,2,54,111,27,101,79,17,11,70,6,9
2021-04-13T00:00:00,1307,31,0,29,108,129,23,119,38,293,18,1,76,120,24,101,94,13,3,69,6,12
2021-04-14T00:00:00,1146,20,2,34,71,100,30,128,39,245,20,3,72,103,31,82,76,12,1,65,7,5
2021-04-15T00:00:00,1123,26,1,25,65,131,16,103,34,266,8,8,52,103,28,95,69,12,8,62,5,6
2021-04-16T00:00:00,1039,30,1,19,73,92,18,93,28,275,7,2,59,80,22,100,59,9,3,58,5,6
2021-04-17T00:00:00,1003,18,0,17,77,99,13,93,36,229,12,0,49,89,26,76,73,19,3,64,0,10
2021-04-18T00:00:00,1003,14,0,29,42,93,17,105,33,237,6,1,48,73,24,100,62,13,6,86,2,12
2021-04-19T00:00:00,1100,13,0,23,80,112,14,96,35,253,13,3,71,92,20,96,93,6,5,65,5,5
2021-04-20T00:00:00,1110,19,1,19,67,118,18,108,34,225,18,4,64,91,20,115,88,10,5,73,5,8
2021-04-21T00:00:00,1086,28,2,26,84,95,21,104,25,254,12,1,73,92,26,77,70,13,2,72,3,6
2021-04-22T00:00:00,986,20,1,27,67,74,15,94,31,223,10,2,58,89,22,91,67,15,3,68,5,4
2021-04-23T00:00:00,1036,21,3,25,98,98,19,80,35,232,12,4,58,92,22,85,74,8,4,59,2,5
2021-04-24T00:00:00,938,18,1,38,54,83,11,111,20,219,11,2,41,89,19,83,65,9,8,50,0,6
2021-04-25T00:00:00,831,8,0,26,50,71,17,89,27,204,5,1,40,74,15,69,55,6,2,56,5,11
2021-04-26T00:00:00,994,13,2,25,89,101,10,104,22,222,15,2,61,82,19,79,66,13,7,52,3,7
2021-04-27T00:00:00,928,15,2,28,75,89,12,96,30,204,7,1,38,84,18,87,62,13,4,57,2,4
2021-04-28T00:00:00,966,21,1,29,72,87,19,92,35,238,8,1,55,72,20,73,59,18,3,51,5,7
2021-04-29T00:00:00,848,15,1,20,63,90,10,90,26,198,12,1,41,60,22,60,57,11,4,57,1,9
2021-04-30T00:00:00,885,8,3,18,53,87,10,115,27,213,12,1,51,76,13,64,62,11,4,46,3,8
2021-05-01T00:00:00,740,13,0,20,43,81,7,68,21,170,9,0,49,65,14,64,51,10,6,39,5,5
2021-05-02T00:00:00,663,18,1,10,46,54,6,78,29,161,5,0,32,64,9,50,44,4,2,40,5,5
2021-05-03T00:00:00,850,15,4,31,67,64,15,85,35,198,12,2,40,63,16,76,55,13,5,50,2,2
2021-05-04T00:00:00,831,13,1,7,125,68,9,90,18,201,9,1,51,68,8,51,60,7,2,35,2,5
2021-05-05T00:00:00,746,13,0,29,73,60,7,82,21,175,4,1,32,71,9,60,47,9,1,48,1,3
2021-05-06T00:00:00,676,12,2,27,55,71,9,78,24,155,7,1,33,49,9,51,40,6,6,32,2,7
2021-05-07T00:00:00,673,12,2,28,59,73,2,82,15,145,11,0,31,60,11,44,48,15,1,29,2,3
2021-05-08T00:00:00,611,16,0,29,35,51,3,81,17,110,7,0,41,44,13,57,45,9,5,40,2,6
2021-05-09T00:00:00,453,11,0,17,28,45,3,57,9,91,4,2,24,38,8,45,29,10,2,27,2,1
2021-05-10T00:00:00,655,9,0,20,71,63,3,73,20,124,7,2,26,53,8,60,62,13,2,34,1,4
2021-05-11T00:00:00,537,11,1,13,48,58,3,48,16,113,7,1,37,35,6,38,61,6,1,30,3,1
2021-05-12T00:00:00,549,13,3,13,53,53,5,64,16,121,5,1,30,36,4,56,41,5,3,26,0,1
2021-05-13T00:00:00,541,11,0,15,42,44,1,67,15,131,2,0,27,45,2,30,62,5,3,31,1,7
2021-05-14T00:00:00,492,11,0,17,46,40,8,54,11,106,4,0,28,30,3,52,42,7,2,26,0,5
2021-05-15T00:00:00,415,10,0,9,27,46,4,50,13,93,4,1,12,38,3,37,36,6,2,19,0,5
2021-05-16T00:00:00,358,8,0,12,33,29,2,41,12,101,8,0,13,23,6,20,25,1,0,20,1,3
2021-05-17T00:00:00,468,6,1,8,63,36,4,59,11,119,4,0,29,38,3,25,36,4,2,16,3,1
2021-05-18T00:00:00,381,12,0,18,32,31,3,47,13,66,6,0,24,21,4,37,36,3,2,19,0,7
2021-05-19T00:00:00,374,8,0,9,35,37,2,34,11,89,7,0,23,19,1,33,40,4,0,17,3,2
2021-05-20T00:00:00,366,9,0,18,28,28,2,50,4,74,5,1,24,31,5,29,26,6,3,19,2,2
2021-05-21T00:00:00,327,8,0,10,24,33,2,26,11,83,8,0,11,25,4,31,28,3,1,13,3,3
2021-05-22T00:00:00,272,8,0,4,27,30,3,32,9,59,13,0,10,17,3,18,22,3,0,12,0,2
2021-05-23T00:00:00,265,10,0,13,22,16,3,22,5,76,3,0,16,17,2,25,9,5,2,12,1,6
2021-05-24T00:00:00,299,7,2,5,31,22,1,49,8,68,4,0,16,15,1,23,24,4,0,14,1,4
2021-05-25T00:00:00,253,8,0,14,22,13,2,28,8,45,3,1,20,16,2,26,29,4,1,8,1,2
2021-05-26T00:00:00,282,8,0,15,26,22,3,35,7,64,5,0,18,16,4,23,16,5,0,11,2,2
2021-05-27T00:00:00,221,3,0,7,19,23,2,28,2,47,5,0,4,21,2,21,19,4,0,10,1,3
2021-05-28T00:00:00,267,7,1,7,23,29,2,24,2,66,4,0,17,12,3,20,25,4,1,14,4,2
2021-05-29T00:00:00,215,5,0,7,13,19,3,26,5,65,7,0,7,11,0,20,17,3,1,6,0,0
2021-05-30T00:00:00,181,5,0,5,8,16,4,26,6,45,2,0,11,11,1,17,14,1,0,8,1,0
2021-05-31T00:00:00,218,3,0,9,21,15,2,32,7,53,2,1,11,10,3,18,18,4,3,4,1,1
2021-06-01T00:00:00,219,6,0,9,16,15,1,23,4,62,2,0,14,16,3,17,24,0,0,5,2,0
2021-06-02T00:00:00,172,1,0,9,15,10,3,24,1,41,5,1,5,8,2,19,18,0,0,8,1,1
2021-06-03T00:00:00,182,3,2,8,15,16,1,26,1,39,1,0,3,9,0,25,19,2,3,8,0,1
2021-06-04T00:00:00,197,2,0,10,20,13,2,22,2,55,4,0,8,13,2,14,15,1,2,9,0,3
2021-06-05T00:00:00,152,1,0,2,18,12,1,14,5,39,3,0,5,15,3,21,6,2,0,3,0,2
2021-06-06T00:00:00,162,2,0,10,17,18,1,11,1,47,3,1,5,3,3,19,11,4,1,3,0,2
2021-06-07T00:00:00,184,3,0,6,19,13,2,18,2,47,1,0,5,8,2,29,20,2,0,4,2,1
2021-06-08T00:00:00,164,5,0,4,17,8,1,18,1,43,1,0,8,11,0,18,14,2,0,9,2,2
2021-06-09T00:00:00,149,4,0,13,16,8,3,14,3,34,1,0,6,3,0,20,15,3,0,2,3,1
2021-06-10T00:00:00,122,1,1,3,8,12,0,13,1,46,0,0,9,6,1,10,6,0,0,4,0,1
2021-06-11T00:00:00,127,3,0,4,11,11,2,14,3,24,1,0,4,10,2,19,8,6,0,4,0,1
2021-06-12T00:00:00,125,2,0,6,9,9,2,16,2,32,3,0,6,3,1,19,10,2,0,2,0,1
2021-06-13T00:00:00,110,3,0,0,9,6,1,16,0,28,1,0,3,11,5,16,6,4,0,1,0,0
2021-06-14T00:00:00,108,4,0,5,7,7,1,17,1,21,1,0,4,5,1,15,12,3,0,3,1,0
2021-06-15T00:00:00,119,2,0,4,15,5,1,10,1,36,3,0,2,11,3,14,10,0,0,2,0,0
2021-06-16T00:00:00,104,3,0,2,10,7,0,6,1,32,3,0,2,5,2,14,6,4,1,4,2,0
2021-06-17T00:00:00,88,0,0,3,7,6,0,13,3,23,1,1,6,10,1,6,5,2,0,1,0,0
2021-06-18T00:00:00,91,1,0,2,12,10,3,12,2,23,0,0,4,4,0,10,3,2,0,1,1,1
2021-06-19T00:00:00,69,2,0,4,4,2,0,3,4,18,0,0,2,6,3,8,7,1,0,3,0,2
2021-06-20T00:00:00,67,1,0,1,9,7,3,3,1,16,1,0,2,11,0,7,4,0,0,1,0,0
2021-06-21T00:00:00,74,2,0,3,12,9,1,8,0,18,1,0,4,2,1,4,6,1,0,1,1,0
2021-06-22T00:00:00,97,3,0,3,3,9,0,11,1,24,0,1,3,14,2,7,12,2,0,1,1,0
2021-06-23T00:00:00,68,0,0,1,12,5,2,5,1,19,0,0,2,1,0,8,9,0,1,1,1,0
2021-06-24T00:00:00,84,0,0,2,14,6,2,6,0,26,1,0,1,4,0,12,8,0,0,2,0,0
2021-06-25T00:00:00,62,1,0,0,7,8,0,3,1,15,1,0,0,7,0,11,4,1,0,2,0,1
2021-06-26T00:00:00,67,1,1,2,9,4,2,7,2,18,2,0,2,2,0,10,4,0,0,0,1,0
2021-06-27T00:00:00,53,2,0,3,5,5,0,4,2,13,1,0,0,5,0,10,1,1,0,1,0,0
2021-06-28T00:00:00,76,1,0,2,6,9,0,5,3,16,2,0,3,7,1,11,6,2,0,2,0,0
2021-06-29T00:00:00,68,2,0,4,4,3,1,9,2,17,1,0,1,9,1,9,5,0,0,0,0,0
2021-06-30T00:00:00,65,1,0,2,9,1,0,4,1,18,0,0,0,5,2,13,7,1,0,1,0,0
2021-07-01T00:00:00,69,1,1,2,6,4,0,5,1,21,1,0,1,5,2,9,2,1,0,6,1,0
2021-07-02T00:00:00,49,2,0,1,7,5,1,3,0,16,1,0,1,1,1,5,3,1,0,1,0,0
2021-07-03T00:00:00,57,1,0,3,4,10,1,2,0,13,0,0,2,4,1,10,3,1,0,2,0,0
2021-07-04T00:00:00,61,1,0,7,4,2,0,6,0,18,3,0,1,5,2,6,3,1,0,1,1,0
2021-07-05T00:00:00,65,0,0,3,17,4,3,4,1,18,0,0,1,2,0,7,3,1,0,1,0,0
2021-07-06T00:00:00,65,0,0,1,5,4,0,10,0,19,1,0,1,2,1,7,9,2,0,3,0,0
2021-07-07T00:00:00,84,4,0,3,16,4,0,5,1,19,1,0,3,4,3,14,3,2,0,1,1,0
2021-07-08T00:00:00,90,1,0,2,11,9,0,11,0,21,1,0,3,1,3,17,5,0,0,2,3,0
2021-07-09T00:00:00,77,2,1,4,7,2,1,9,2,20,1,0,0,3,0,15,5,0,0,4,1,0
2021-07-10T00:00:00,67,1,0,0,6,5,0,8,1,19,0,0,0,4,3,13,4,0,0,2,1,0
2021-07-11T00:00:00,71,0,0,1,2,5,0,7,2,25,0,0,1,3,3,17,4,0,0,1,0,0
2021-07-12T00:00:00,80,2,0,0,7,10,0,9,3,19,2,0,1,4,3,13,4,0,0,3,0,0
2021-07-13T00:00:00,107,1,1,6,5,6,1,18,3,23,1,0,0,10,11,10,4,1,0,6,0,0
2021-07-14T00:00:00,94,0,0,2,11,3,2,7,3,24,0,0,0,6,10,11,9,1,0,5,0,0
2021-07-15T00:00:00,102,2,0,4,13,10,0,13,3,19,3,0,0,3,6,12,6,0,0,6,0,2
2021-07-16T00:00:00,117,0,1,6,4,9,1,16,2,27,1,0,3,7,9,16,7,2,0,6,0,0
2021-07-17T00:00:00,121,0,0,5,12,10,2,21,2,31,1,1,0,2,10,15,3,1,0,3,1,1
2021-07-18T00:00:00,116,1,0,3,6,6,0,23,4,28,2,0,3,5,11,13,2,1,0,8,0,0
2021-07-19T00:00:00,162,2,0,1,16,14,2,21,7,27,4,0,2,12,17,17,7,0,0,12,0,1
2021-07-20T00:00:00,157,1,1,2,12,7,2,23,0,39,1,0,0,5,11,27,13,2,0,10,1,0
2021-07-21T00:00:00,172,1,0,1,10,11,2,29,5,43,1,0,1,10,17,18,9,3,0,10,0,1
2021-07-22T00:00:00,193,2,0,3,10,15,1,32,5,44,0,0,3,6,11,37,10,4,0,10,0,0
2021-07-23T00:00:00,182,2,0,8,10,12,1,27,3,38,3,0,5,4,11,31,16,2,0,8,0,1
2021-07-24T00:00:00,187,5,0,4,7,11,1,30,5,32,1,0,4,5,14,37,10,3,1,13,1,3
2021-07-25T00:00:00,210,4,0,3,7,18,0,30,9,45,3,0,9,8,16,36,13,0,0,9,0,0
2021-07-26T00:00:00,210,1,0,7,15,16,2,32,2,45,5,0,5,5,14,32,10,1,0,12,4,2
2021-07-27T00:00:00,207,5,0,3,16,23,0,25,8,46,6,0,2,7,12,28,13,1,0,12,0,0
2021-07-28T00:00:00,223,2,1,4,9,28,3,32,6,40,5,0,7,10,20,26,4,3,0,19,2,2
2021-07-29T00:00:00,212,2,0,5,10,29,3,29,8,41,4,0,1,8,18,30,8,2,0,12,1,1
2021-07-30T00:00:00,254,5,0,6,10,24,2,36,6,53,2,0,7,9,22,36,5,5,1,23,1,1
2021-07-31T00:00:00,233,10,1,14,10,34,2,27,6,46,3,0,3,5,10,34,8,4,0,12,2,2
2021-08-01T00:00:00,232,6,0,4,14,24,1,27,3,41,6,1,6,11,13,44,20,1,0,9,0,1
2021-08-02T00:00:00,267,3,1,3,14,28,6,29,9,55,9,0,6,7,18,45,14,0,2,16,1,1
2021-08-03T00:00:00,297,5,0,4,16,34,4,37,10,55,1,1,9,19,21,49,9,3,0,18,0,2
2021-08-04T00:00:00,284,4,0,7,9,31,0,37,10,42,9,0,3,18,17,54,20,1,0,21,1,0
2021-08-05T00:00:00,281,4,1,7,17,23,3,30,7,63,3,0,5,9,21,46,19,2,0,18,1,2
2021-08-06T00:00:00,316,2,1,9,17,34,0,32,7,67,3,0,5,9,20,66,16,7,0,20,0,1
2021-08-07T00:00:00,285,4,0,10,10,26,5,38,6,40,5,2,9,9,11,58,16,4,0,22,4,6
2021-08-08T00:00:00,268,4,0,4,5,28,1,48,13,33,8,0,5,9,10,60,18,3,0,17,1,1
2021-08-09T00:00:00,346,4,0,7,19,43,7,37,12,49,11,0,10,16,14,64,30,6,0,13,1,3
2021-08-10T00:00:00,327,8,0,16,18,40,1,40,9,54,1,2,7,13,19,58,22,9,2,7,1,0
2021-08-11T00:00:00,331,7,1,12,28,38,4,32,9,45,5,0,11,10,20,65,16,1,0,21,3,3
2021-08-12T00:00:00,322,10,1,13,11,38,1,27,15,49,4,1,6,12,24,65,17,5,0,21,0,2
2021-08-13T00:00:00,358,8,1,4,22,39,4,31,9,54,6,1,4,16,26,81,23,4,0,24,0,1
2021-08-14T00:00:00,323,10,0,12,7,35,6,37,8,45,9,0,5,17,20,60,27,3,0,17,2,3
2021-08-15T00:00:00,302,7,0,6,7,38,0,30,6,52,5,0,6,10,19,75,17,2,0,17,2,3
2021-08-16T00:00:00,404,8,0,14,21,41,5,35,19,59,6,1,10,12,25,72,30,11,0,30,3,2
2021-08-17T00:00:00,344,4,0,10,23,41,1,42,9,33,7,2,4,22,12,76,32,4,0,17,2,3
2021-08-18T00:00:00,393,10,0,12,19,39,0,32,13,49,4,0,8,17,25,91,26,9,0,32,2,5
2021-08-19T00:00:00,356,8,0,13,27,34,3,37,11,39,5,0,4,18,27,74,23,8,0,22,1,2
2021-08-20T00:00:00,344,6,0,13,14,38,8,24,8,50,4,0,13,11,22,70,34,5,1,20,0,3
2021-08-21T00:00:00,369,6,0,7,10,46,0,28,10,56,8,0,10,22,24,86,25,12,2,15,0,2
2021-08-22T00:00:00,288,5,0,7,15,28,4,24,10,49,2,3,3,17,17,64,19,3,0,13,1,4
2021-08-23T00:00:00,376,12,0,13,34,46,1,26,11,55,9,2,6,25,14,77,19,7,1,17,0,1
2021-08-24T00:00:00,377,15,0,7,23,43,3,21,12,43,4,0,11,32,17,79,35,6,0,21,1,4
2021-08-25T00:00:00,367,8,0,18,19,31,8,28,6,48,6,0,5,14,28,94,17,8,0,25,2,2
2021-08-26T00:00:00,410,4,0,15,33,41,8,43,8,40,8,1,9,13,20,93,35,6,0,29,1,3
2021-08-27T00:00:00,375,4,0,15,22,32,5,18,7,68,8,0,7,19,20,95,34,3,0,13,2,3
2021-08-28T00:00:00,364,8,1,16,21,45,7,31,12,48,10,0,6,13,17,77,17,8,0,25,0,2
2021-08-29T00:00:00,319,11,0,17,10,26,7,25,9,51,6,2,8,15,13,71,19,2,0,24,2,1
2021-08-30T00:00:00,326,4,0,9,21,31,3,21,7,47,9,0,5,12,12,87,29,5,0,21,2,1
2021-08-31T00:00:00,346,3,0,9,38,28,4,36,3,54,8,1,17,5,11,74,25,1,0,26,1,2
2021-09-01T00:00:00,347,5,1,16,12,36,6,23,7,54,3,1,13,13,13,87,31,4,0,21,1,0
2021-09-02T00:00:00,375,6,0,15,19,39,6,38,9,59,5,3,12,13,12,81,28,6,0,21,1,2
2021-09-03T00:00:00,338,4,1,10,7,40,7,25,8,54,8,1,13,11,16,86,15,3,0,25,1,3
2021-09-04T00:00:00,338,5,0,18,23,26,7,27,8,42,7,0,7,15,11,87,17,5,0,28,3,2
2021-09-05T00:00:00,259,0,0,13,3,31,3,30,12,57,5,0,8,7,8,45,15,4,1,15,1,1
2021-09-06T00:00:00,344,8,2,9,21,33,4,21,10,48,11,0,7,15,14,73,33,3,0,29,2,1
2021-09-07T00:00:00,339,9,0,15,23,35,7,18,11,66,9,0,10,10,13,56,18,9,0,25,1,4
2021-09-08T00:00:00,316,6,0,7,25,30,4,23,21,58,6,0,10,5,7,59,19,6,1,27,0,2
2021-09-09T00:00:00,306,5,0,8,16,27,7,29,10,60,2,1,14,3,13,62,21,5,0,16,2,5
2021-09-10T00:00:00,301,2,1,10,10,30,4,16,10,60,7,2,12,8,15,54,26,8,0,25,1,0
2021-09-11T00:00:00,289,4,0,8,13,26,2,18,11,51,9,0,13,12,8,60,23,3,0,25,1,2
2021-09-12T00:00:00,244,5,0,9,8,34,4,17,10,57,2,1,8,12,5,37,14,4,0,12,3,2
2021-09-13T00:00:00,327,5,0,14,31,41,6,16,9,65,5,0,10,10,5,41,29,7,1,23,6,3
2021-09-14T00:00:00,273,8,0,9,13,35,12,16,9,52,2,0,7,12,7,46,15,2,0,21,5,2
2021-09-15T00:00:00,250,4,0,12,4,28,0,23,4,45,3,0,12,14,8,28,30,4,0,28,1,2
2021-09-16T00:00:00,281,5,1,12,14,24,8,22,9,51,3,0,4,13,10,57,15,5,0,23,2,3
2021-09-17T00:00:00,261,7,0,7,11,29,6,19,9,39,5,0,6,11,8,43,26,4,1,28,2,0
2021-09-18T00:00:00,230,9,1,11,15,20,7,19,4,37,1,0,8,20,5,37,13,2,0,20,1,0
2021-09-19T00:00:00,209,6,2,11,7,20,6,19,7,47,2,0,9,10,1,36,7,2,1,15,0,1
2021-09-20T00:00:00,226,7,1,15,20,31,5,13,5,34,3,0,8,7,4,35,17,4,1,11,2,3
2021-09-21T00:00:00,230,2,0,11,12,38,3,15,8,30,4,0,9,8,3,36,23,4,0,20,1,3
2021-09-22T00:00:00,205,2,0,5,13,22,3,16,11,46,4,0,8,5,3,27,16,2,1,18,2,1
2021-09-23T00:00:00,243,3,0,5,22,39,5,26,3,44,1,0,10,4,6,31,15,7,0,17,2,3
2021-09-24T00:00:00,197,4,0,8,15,20,1,17,6,41,2,0,10,7,4,30,9,1,1,16,3,2
2021-09-25T00:00:00,181,3,0,10,6,19,1,19,4,37,4,0,5,3,4,33,10,2,0,19,2,0
2021-09-26T00:00:00,154,3,0,9,1,15,3,15,2,36,2,0,9,6,0,23,14,2,0,11,1,2
2021-09-27T00:00:00,216,0,0,11,18,29,7,18,6,39,1,0,8,8,5,27,14,3,0,18,3,1
2021-09-28T00:00:00,181,1,0,8,7,25,2,20,6,31,1,0,7,11,3,24,14,4,0,10,3,4
2021-09-29T00:00:00,173,0,0,7,11,16,4,24,11,29,3,0,7,13,2,22,11,3,0,8,1,1
2021-09-30T00:00:00,176,3,0,4,10,29,5,15,2,43,4,0,6,10,3,17,6,6,0,12,1,0
2021-10-01T00:00:00,197,2,0,6,6,25,2,25,6,53,2,0,7,8,5,22,8,3,1,9,3,4
2021-10-02T00:00:00,169,2,0,6,9,21,4,11,7,29,3,1,5,12,3,27,12,4,0,11,1,1
2021-10-03T00:00:00,149,3,0,1,6,19,3,21,0,36,3,0,1,10,3,18,10,1,0,11,1,2
2021-10-04T00:00:00,179,2,0,6,19,20,2,19,7,31,5,1,4,10,4,19,13,3,0,9,3,2
2021-10-05T00:00:00,173,6,0,5,12,14,4,23,3,23,0,0,5,8,5,26,18,4,1,14,0,2
2021-10-06T00:00:00,154,2,0,6,11,18,2,12,3,23,1,0,7,6,4,28,9,6,0,15,1,0
2021-10-07T00:00:00,164,3,0,4,7,29,3,16,5,36,3,0,3,5,3,17,13,4,0,10,2,1
2021-10-08T00:00:00,144,1,1,5,10,18,8,18,7,24,1,0,7,5,2,13,12,0,0,8,3,1
2021-10-09T00:00:00,133,6,0,5,3,18,2,8,5,20,3,0,6,8,1,23,11,0,0,11,1,2
2021-10-10T00:00:00,124,1,0,4,3,12,1,26,1,21,4,0,8,8,2,9,9,0,0,13,1,1
2021-10-11T00:00:00,145,2,0,4,14,21,6,4,6,29,3,1,7,4,4,12,9,3,0,13,1,2
2021-10-12T00:00:00,159,3,0,2,17,19,7,11,4,33,1,0,6,6,6,12,9,2,1,14,3,3
2021-10-13T00:00:00,158,7,1,5,16,22,7,17,4,27,2,0,8,3,1,6,10,0,1,17,3,1
2021-10-14T00:00:00,140,4,0,4,9,10,3,15,6,30,1,1,8,7,2,13,9,4,0,12,0,2
2021-10-15T00:00:00,169,7,0,7,11,22,2,18,4,35,1,0,5,5,5,20,8,2,1,12,2,2
2021-10-16T00:00:00,153,2,0,4,3,21,2,26,5,23,2,0,7,5,1,12,21,3,0,13,1,2
2021-10-17T00:00:00,136,5,0,3,6,14,5,21,5,22,0,0,5,2,4,20,6,2,0,15,1,0
2021-10-18T00:00:00,190,5,2,1,24,20,7,16,7,34,3,1,9,4,1,17,16,1,0,19,3,0
2021-10-19T00:00:00,217,2,1,6,8,24,6,17,5,49,9,1,10,7,3,32,14,1,1,18,2,1
2021-10-20T00:00:00,192,4,1,3,15,22,8,21,6,30,9,0,9,10,2,19,11,4,1,13,3,1
2021-10-21T00:00:00,191,5,0,3,10,22,5,26,0,38,7,1,8,8,1,17,15,3,0,19,2,1
2021-10-22T00:00:00,235,10,1,8,14,31,7,31,4,44,2,0,11,6,5,18,15,5,3,16,4,0
2021-10-23T00:00:00,187,4,1,7,6,21,2,27,6,39,4,1,4,4,1,19,12,4,0,24,1,0
2021-10-24T00:00:00,185,8,0,5,6,21,10,23,2,31,3,0,3,9,1,26,13,3,0,12,6,3
2021-10-25T00:00:00,227,1,2,6,22,23,11,21,2,48,5,0,8,8,1,26,19,4,0,14,4,2
2021-10-26T00:00:00,219,3,0,9,16,30,8,30,4,29,6,0,10,12,1,21,16,2,1,14,4,3
2021-10-27T00:00:00,259,5,0,7,14,35,11,36,6,36,4,1,12,9,0,29,16,6,0,28,3,1
2021-10-28T00:00:00,232,11,2,10,18,29,11,26,6,37,7,0,4,10,2,23,12,5,1,15,3,0
2021-10-29T00:00:00,236,3,1,9,27,35,11,27,4,33,4,0,6,18,0,20,16,2,0,17,2,1
2021-10-30T00:00:00,241,2,1,5,7,20,9,47,5,33,4,0,4,14,5,26,16,4,2,23,7,7
2021-10-31T00:00:00,234,3,1,7,13,21,16,24,8,49,6,1,11,8,3,22,17,0,0,18,5,1
2021-11-01T00:00:00,209,2,3,2,11,15,18,26,5,36,6,0,7,6,3,24,13,6,0,18,3,5
2021-11-02T00:00:00,289,8,2,10,35,33,15,25,5,56,5,0,12,15,1,22,13,3,0,21,3,5
2021-11-03T00:00:00,278,7,2,6,28,26,7,36,6,52,7,0,8,10,3,28,16,4,0,25,6,1
2021-11-04T00:00:00,312,6,1,13,15,37,21,39,10,50,2,1,15,10,4,27,23,7,0,26,3,2
2021-11-05T00:00:00,301,13,2,10,13,45,11,38,5,47,5,0,5,11,6,27,21,4,4,28,3,3
2021-11-06T00:00:00,247,5,2,3,4,27,13,28,12,51,4,1,5,7,3,28,19,1,2,25,3,4
2021-11-07T00:00:00,243,5,0,7,15,27,18,31,6,48,2,0,12,7,1,24,13,2,1,20,2,2
2021-11-08T00:00:00,325,7,0,2,23,48,20,37,8,59,5,0,16,8,7,25,17,3,0,27,9,4
2021-11-09T00:00:00,294,13,1,7,20,33,14,27,7,68,5,0,8,11,4,23,20,1,0,25,7,0
2021-11-10T00:00:00,306,7,1,5,10,46,14,25,6,66,2,0,12,12,5,25,16,5,0,40,5,4
2021-11-11T00:00:00,280,9,0,6,25,31,17,31,2,66,2,0,6,13,4,24,8,4,1,26,2,3
2021-11-12T00:00:00,338,6,1,11,31,55,20,25,8,79,3,0,3,7,4,22,19,3,1,35,3,2
2021-11-13T00:00:00,329,4,3,7,28,44,15,35,3,71,7,0,10,14,1,36,12,4,1,29,4,1
2021-11-14T00:00:00,278,9,1,8,13,33,13,32,2,69,5,0,13,7,3,22,11,3,3,25,6,0
2021-11-15T00:00:00,366,11,1,7,28,40,16,21,9,94,3,1,17,7,3,42,12,6,1,44,2,1
2021-11-16T00:00:00,377,10,1,12,24,47,11,35,6,96,2,1,16,12,3,25,23,5,2,34,1,11
2021-11-17T00:00:00,327,9,0,9,20,40,9,24,4,93,7,3,8,9,2,24,17,4,2,39,1,3
2021-11-18T00:00:00,291,5,0,4,19,47,6,33,5,79,6,0,,4,0,14,19,4,1,33,1,10
2021-11-19T00:00:00,290,6,0,4,20,46,4,15,2,69,9,0,,6,6,32,15,10,0,38,,7
2021-11-20T00:00:00,201,6,,1,6,42,,,1,37,8,,,6,,15,17,1,,32,,8
2021-11-21T00:00:00,88,,,,,,,,,,,,,,,11,,,,20,,
